경쟁자 수,교통 수,인허가 폐업,임대료,점심저녁시간대 생활인구수,집객시설 수,타업종비율
135,90,650,819,10936.29824,8,0.884615385
139,93,671,834,10936.29824,8,0.885123967
118,84,555,434,10936.29824,8,0.879959308
162,85,684,763,23667.05304,7,0.88518781
371,97,1245,1235,18597.21201,16,0.847136382
375,100,1275,591,18597.21201,16,0.848362313
122,105,709,463,24802.59456,15,0.911208151
83,66,309,1701,29842.30973,6,0.887228261
283,94,1531,1235,55277.9273,20,0.902211472
150,72,683,1448,16804.03666,16,0.879518072
108,57,771,812,9558.739677,22,0.940528634
101,76,752,1517,35491.54168,34,0.941987364
310,139,1503,3296,23689.09175,36,0.885861561
308,88,868,1208,22107.5451,28,0.869932432
303,87,851,755,22107.5451,28,0.868717504
341,68,1587,1514,58126.24751,30,0.896194825
387,56,1882,606,58126.24751,77,0.899323621
96,51,711,579,14473.70103,15,0.939849624
267,107,1083,1684,23689.09175,22,0.86342711
233,44,1155,4337,27768.72215,24,0.89461782
376,91,2132,1032,134994.9088,196,0.90972389
360,83,1970,1282,134994.9088,198,0.90666321
212,44,986,1423,34426.55575,18,0.88248337
215,32,996,2256,34426.55575,5,0.88160793
184,38,867,3948,34426.55575,18,0.882802548
192,26,874,2033,34426.55575,2,0.880074953
212,44,986,1565,34426.55575,18,0.88248337
384,151,2671,227,25660.57992,30,0.920841064
80,61,265,1298,19677.17733,14,0.896238651
234,93,769,429,12753.44077,20,0.881037112
113,88,609,1752,25115.11668,9,0.920141343
120,86,627,550,25115.11668,6,0.916608756
176,117,836,1433,32931.6198,6,0.891223733
174,117,879,935,32931.6198,7,0.895745956
182,121,882,1247,32931.6198,7,0.892116183
97,88,441,1402,14380.88502,9,0.908143939
135,86,532,425,17713.32909,5,0.879679144
160,95,896,2967,75810.43776,31,0.913185024
158,89,861,1341,75810.43776,27,0.911036036
196,109,1021,1072,18843.2556,11,0.90608529
237,95,1324,308,28933.52476,9,0.909299656
120,105,465,3231,22488.12742,12,0.87012987
133,89,586,774,18428.03924,6,0.90029985
140,87,597,645,18428.03924,6,0.896449704
317,79,1084,379,14743.22995,12,0.852145522
349,84,1201,2402,14743.22995,13,0.852928782
361,76,1572,3215,49884.88825,48,0.886011999
383,69,1805,1560,49884.88825,53,0.892897092
213,119,1116,738,18843.2556,19,0.906496927
134,104,500,1182,21773.75122,9,0.859538784
108,107,455,2502,21773.75122,9,0.872641509
144,120,609,1285,27915.81412,12,0.875647668
173,83,854,1715,34851.63155,20,0.895341803
172,84,902,1132,34851.63155,17,0.90331647
192,41,1197,2768,18597.21201,209,0.918575064
111,64,385,560,16360.36538,3,0.829754601
282,65,1021,813,14042.38559,8,0.845479452
199,135,1350,1964,72929.04225,19,0.922326308
199,135,1350,2310,72929.04225,19,0.922326308
112,84,598,1747,75810.43776,17,0.911462451
240,63,983,1183,17838.4388,9,0.872543813
31,61,187,2054,55247.40565,8,0.926365796
38,84,253,1801,55247.40565,9,0.932263815
37,82,239,1870,55247.40565,9,0.930451128
131,45,795,534,13384.80088,7,0.920654149
125,47,750,940,13384.80088,7,0.921185372
140,57,770,1263,13384.80088,5,0.915100061
108,43,689,508,13384.80088,6,0.922746781
135,48,810,625,13384.80088,7,0.920118343
119,69,535,902,16804.03666,10,0.878323108
120,68,538,97,16804.03666,10,0.87792472
136,91,633,1100,16804.03666,12,0.882556131
142,80,640,1210,16804.03666,14,0.879045997
142,75,655,1100,16804.03666,15,0.881072027
121,79,562,1100,16804.03666,12,0.882638215
247,108,1064,1212,21351.53591,7,0.877358491
168,89,977,1155,11110.7312,13,0.90305828
280,89,1137,791,36338.43718,15,0.873188406
262,92,1095,1027,36338.43718,13,0.874760994
128,89,626,531,19830.94336,17,0.899843505
145,81,946,368,43038.28137,16,0.920066152
134,83,916,3282,43038.28137,18,0.922273782
94,169,491,842,18036.51486,8,0.908826382
198,104,996,232,17671.14532,14,0.90620559
207,108,1012,961,17671.14532,12,0.902266289
45,81,252,1194,26677.27886,21,0.912621359
274,120,1732,1393,92063.85439,24,0.918062201
274,120,1732,1393,92063.85439,24,0.918062201
218,124,1443,3184,92063.85439,20,0.921242775
113,68,455,733,23667.05304,7,0.879659212
205,104,852,1796,25603.0493,20,0.889725659
88,75,334,1025,18743.02733,9,0.863565891
99,91,403,751,26011.7297,7,0.876404494
306,65,1582,732,134994.9088,74,0.903803835
321,64,1658,1930,134994.9088,71,0.902697787
155,124,746,639,15470.6481,17,0.89928525
125,100,553,668,26011.7297,6,0.891774892
84,43,304,782,19131.085,11,0.904869762
92,46,303,1015,19131.085,11,0.896279594
275,81,1428,991,25722.93911,14,0.898636196
279,92,1512,2451,25722.93911,17,0.901795143
91,42,278,1015,23722.84324,9,0.894431555
199,93,752,518,60114.13685,18,0.882109005
240,98,821,939,26371.33594,18,0.875389408
226,51,1705,1636,49970.30897,147,0.931660115
223,51,1703,413,49970.30897,147,0.932465173
111,62,292,823,23722.84324,15,0.870930233
127,81,668,928,23667.05304,6,0.904295403
128,94,592,1201,16588.93994,16,0.89279732
133,57,653,1744,15127.96809,4,0.897138438
114,57,565,880,28056.87549,9,0.925441465
118,63,548,1602,28056.87549,10,0.921906023
236,104,1069,2951,42649.78768,18,0.897791252
236,104,1069,5101,42649.78768,18,0.897791252
136,57,786,804,10160.0401,7,0.916256158
89,63,521,1047,15513.83069,5,0.912315271
251,143,1594,1132,72929.04225,21,0.921093996
252,137,1655,2007,72929.04225,23,0.920854271
217,94,980,1082,14749.56317,9,0.883458647
109,88,461,1014,33645.9877,8,0.872960373
110,78,442,1233,23667.05304,7,0.878854626
168,79,596,1333,26986.96295,9,0.849327354
193,82,706,1241,26986.96295,9,0.849336456
78,42,489,1301,7781.640503,6,0.920972644
163,77,642,601,40993.88901,10,0.905943451
163,77,642,7944,40993.88901,10,0.905943451
163,77,642,8049,40993.88901,10,0.905943451
163,77,642,7946,40993.88901,10,0.905943451
163,77,642,7944,40993.88901,10,0.905943451
180,77,681,1524,26986.96295,9,0.858601728
208,92,913,823,55277.9273,12,0.883211679
195,67,820,1077,55277.9273,13,0.879331683
191,82,727,841,55277.9273,10,0.862787356
183,78,726,889,55277.9273,10,0.86815562
170,73,661,825,55277.9273,9,0.863234111
116,71,682,2630,21111.77682,8,0.928262214
291,91,2073,2121,25660.57992,15,0.920098847
302,106,2163,2001,25660.57992,17,0.920484466
211,88,797,774,24959.37612,8,0.881925014
226,99,805,540,24959.37612,10,0.875619152
228,99,810,754,24959.37612,9,0.875749319
226,86,783,1621,24959.37612,7,0.870412844
102,66,270,1266,23158.27997,15,0.876662636
101,65,264,927,23158.27997,15,0.876678877
103,68,260,823,23158.27997,13,0.871410737
144,75,795,3392,20560.19923,7,0.923970433
129,108,484,1569,40842.28185,8,0.875
254,101,1059,824,10859.5328,26,0.862181226
103,90,295,2305,15798.86142,15,0.888165038
196,56,924,1600,30883.73348,14,0.898550725
174,65,833,2000,30883.73348,13,0.900684932
41,62,120,886,19795.33566,7,0.887671233
239,44,1063,713,27812.43798,14,0.877811861
182,41,845,1762,34426.55575,18,0.881510417
284,103,1345,1030,23689.09175,30,0.883606557
281,103,1235,1077,23689.09175,28,0.874888691
58,66,170,1319,22650.40269,8,0.882352941
212,133,1381,6037,92063.85439,18,0.92254293
260,80,1915,3323,26465.70576,12,0.924131894
96,69,259,1376,23158.27997,13,0.883353584
85,69,228,949,23158.27997,12,0.88590604
90,61,227,2161,23158.27997,15,0.87654321
82,67,226,374,23158.27997,12,0.888586957
83,70,223,506,23158.27997,12,0.88630137
106,53,313,794,23722.84324,10,0.888888889
108,53,321,1582,23722.84324,11,0.891783567
105,47,303,2707,23722.84324,9,0.886975242
110,50,299,1452,23722.84324,9,0.881593111
130,56,361,893,23722.84324,17,0.878731343
196,36,896,2184,27812.43798,7,0.879384615
181,28,878,2942,27812.43798,5,0.886520376
141,36,638,1070,27812.43798,5,0.8771777
255,92,1903,2672,25660.57992,11,0.922350792
222,84,1131,1361,23624.75283,21,0.893779904
226,73,1128,352,23624.75283,22,0.891136802
89,68,577,2127,35491.54168,34,0.932728647
117,47,750,839,13384.80088,7,0.924222798
111,46,729,496,13384.80088,7,0.924847664
112,46,737,1502,13384.80088,7,0.924832215
108,45,690,252,13384.80088,7,0.92296719
245,90,1386,847,26737.12397,24,0.905149051
242,86,1401,1081,26737.12397,23,0.907350689
167,75,746,3399,28056.87549,11,0.915784165
174,71,700,545,28056.87549,12,0.908661417
127,67,532,1113,28056.87549,10,0.916939176
177,77,737,2256,28056.87549,13,0.910425101
170,70,669,1636,28056.87549,14,0.908008658
175,68,662,2998,28056.87549,14,0.904475983
167,75,746,2722,28056.87549,11,0.915784165
177,71,710,5017,28056.87549,13,0.908290155
266,55,1169,2563,27768.72215,16,0.889626556
249,54,1007,2145,27768.72215,13,0.881710214
78,66,651,827,10481.63028,18,0.945530726
78,66,651,1620,10481.63028,18,0.945530726
218,32,1052,629,27768.72215,6,0.886280647
196,34,857,572,27768.72215,7,0.87602783
259,82,1440,1831,26737.12397,20,0.904954128
269,81,1493,599,26737.12397,21,0.904508342
290,83,1567,667,26737.12397,22,0.902258173
291,85,1586,1243,26737.12397,21,0.902217742
289,92,1588,1547,26737.12397,23,0.903150134
276,88,1423,593,26737.12397,20,0.898417372
245,144,1625,1771,11153.65005,22,0.924638573
245,88,985,2184,36338.43718,13,0.871052632
231,114,977,1085,26697.50493,13,0.873701476
228,112,979,1918,26697.50493,13,0.876556578
71,95,222,3968,16595.98649,10,0.890769231
123,93,633,1333,34418.83947,5,0.895850974
250,79,1184,679,26698.17565,15,0.887992832
93,76,414,2389,14703.70065,7,0.897009967
84,81,320,1577,14703.70065,7,0.890339426
92,87,405,1290,14703.70065,6,0.897321429
137,87,860,1092,32500.0954,18,0.916156671
125,83,872,469,32500.0954,20,0.923076923
126,86,845,596,32500.0954,20,0.921102066
83,50,365,975,15749.29261,3,0.87518797
228,130,657,422,37557.40959,11,0.86532782
25,60,70,1388,48711.11834,2,0.803149606
25,60,70,1859,48711.11834,2,0.803149606
408,106,1312,1977,35105.88129,70,0.883628066
119,76,594,1453,16066.15605,6,0.893464637
135,86,684,1286,16066.15605,9,0.895186335
91,99,286,1164,16595.98649,15,0.896590909
80,92,270,4795,16595.98649,12,0.903846154
123,83,740,1267,43038.28137,15,0.923459863
221,109,1459,1883,48294.13887,12,0.923924269
224,124,1411,3259,34321.39937,16,0.917707568
94,110,669,601,20746.05601,18,0.933568905
133,70,993,1004,33995.93147,15,0.928915019
141,69,863,366,19726.04428,16,0.909731114
104,81,560,849,14703.70065,7,0.905797101
109,85,512,478,14703.70065,7,0.900456621
136,87,532,1371,23667.05304,6,0.875571821
129,57,657,967,24113.64599,11,0.892857143
145,60,721,448,24113.64599,11,0.892273403
94,82,465,2081,27407.09329,7,0.907662083
86,77,427,337,27407.09329,6,0.906215921
204,95,1131,1132,34851.63155,24,0.913117547
82,90,552,1133,42257.62962,10,0.933061224
95,58,444,715,15749.29261,5,0.881693649
34,68,142,1465,19983.21013,2,0.872180451
312,52,2062,591,52943.28146,178,0.923828125
271,64,1303,1460,52943.28146,71,0.895447531
141,66,622,2174,20116.34637,14,0.889498433
110,124,369,3236,16017.52461,7,0.858064516
92,136,359,3925,16017.52461,7,0.880364109
114,116,449,1151,16017.52461,10,0.876489707
142,114,529,2179,25758.71148,9,0.870791629
122,79,506,933,14314.37103,7,0.870625663
286,81,1014,411,18597.21201,6,0.847953216
230,86,819,715,18597.21201,7,0.844278944
286,81,1014,411,18597.21201,6,0.847953216
268,86,902,840,18597.21201,7,0.839328537
106,71,529,1002,12830.53078,12,0.894736842
112,67,540,992,12830.53078,13,0.891577928
169,79,572,1935,42649.78768,5,0.866403162
166,81,909,1069,30970.59425,19,0.902237927
281,59,1690,1719,52943.28146,86,0.916814683
283,65,1817,3465,52943.28146,104,0.921909492
273,58,1556,720,52943.28146,74,0.912946429
128,59,770,534,13340.90472,8,0.915955351
128,59,764,940,13340.90472,8,0.915399868
118,68,637,1178,19520.16563,13,0.912137007
92,72,503,2514,19520.16563,15,0.907630522
118,68,637,1184,19520.16563,13,0.912137007
92,71,502,603,19520.16563,15,0.909359606
124,81,688,2564,44660.5002,13,0.917056856
113,91,676,492,44660.5002,13,0.923337856
124,55,795,630,13384.80088,9,0.922305764
214,86,837,823,18428.03924,9,0.886772487
218,97,839,1147,18428.03924,10,0.885564304
101,108,494,571,27915.81412,7,0.891163793
164,64,751,761,20116.34637,15,0.890080429
155,66,703,1005,17915.96462,10,0.891304348
248,98,975,465,24959.37612,7,0.88443616
251,103,898,826,24959.37612,9,0.875988142
94,94,415,704,27915.81412,7,0.879332478
104,85,478,542,27915.81412,8,0.88261851
126,140,391,1533,17973.59103,10,0.843478261
210,33,989,1220,27812.43798,2,0.88372093
72,96,253,3899,16595.98649,11,0.903355705
103,84,291,5494,15798.86142,18,0.888528139
220,102,1211,858,18022.5886,23,0.913180742
216,101,1185,3533,18022.5886,20,0.912373225
169,80,868,614,34152.22118,19,0.902255639
160,72,653,1112,20470.0025,8,0.854413103
127,62,680,1039,38110.8177,20,0.915446072
233,99,1381,343,18022.5886,19,0.917784051
232,107,1312,792,18022.5886,21,0.91464312
216,88,1225,789,34851.63155,20,0.913875598
218,90,1215,900,34851.63155,23,0.912625251
213,84,1200,858,34851.63155,20,0.913202934
246,51,1605,538,18597.21201,281,0.92369727
248,50,1637,1346,18597.21201,282,0.924274809
224,96,867,1089,18734.86704,9,0.853690398
189,96,639,728,18178.5695,13,0.864516129
190,90,675,416,18178.5695,14,0.871011541
152,62,869,918,44660.5002,6,0.920126117
155,108,829,1191,11514.4938,11,0.903064415
161,95,778,2724,15402.92528,13,0.889726027
161,96,777,703,15402.92528,13,0.889423077
147,100,783,394,15402.92528,11,0.898969072
148,99,783,935,15402.92528,11,0.898560658
147,100,783,394,15402.92528,11,0.898969072
120,89,680,1313,24634.25263,13,0.91797676
151,104,843,1624,11514.4938,13,0.911384977
162,109,849,1033,11514.4938,11,0.902468393
122,91,621,1268,25464.58186,10,0.907294833
167,97,854,873,34851.63155,20,0.902282036
167,97,854,1928,34851.63155,20,0.902282036
167,97,854,6192,34851.63155,20,0.902282036
170,93,876,906,34851.63155,21,0.902912621
114,51,693,726,10160.0401,5,0.918976546
123,55,521,821,16804.03666,6,0.873326468
109,90,494,811,16066.15605,9,0.882034632
103,72,452,561,16066.15605,9,0.879249707
149,99,778,2170,30970.59425,10,0.898084815
118,80,645,1280,44660.5002,6,0.915654039
115,79,633,212,44660.5002,6,0.916363636
115,67,646,788,44660.5002,7,0.917027417
115,79,652,697,44660.5002,6,0.918032787
96,83,316,894,47422.94108,3,0.838655462
132,70,757,448,21634.83018,15,0.903719912
289,85,1004,933,14743.22995,13,0.854700855
216,88,807,840,18734.86704,9,0.845382963
188,84,794,1180,18734.86704,11,0.862673484
189,101,796,932,23795.55066,8,0.876551274
315,82,885,892,14549.63085,29,0.871270944
256,84,722,435,14549.63085,24,0.867082035
274,74,806,1282,14549.63085,27,0.871421868
125,68,618,1103,37988.80625,10,0.886363636
112,69,649,1236,37988.80625,8,0.903531438
60,66,450,2335,35041.84366,6,0.93852459
95,94,513,985,30733.40349,5,0.915254237
124,64,722,948,13340.90472,8,0.917989418
120,67,692,5415,13340.90472,7,0.917638984
127,67,555,2787,12830.53078,12,0.884650318
221,73,883,1130,23937.25458,13,0.877290394
219,74,860,719,23937.25458,13,0.875071306
281,73,1213,685,23937.25458,13,0.880679406
260,68,1146,904,23937.25458,13,0.884649512
220,63,926,339,23937.25458,13,0.884393064
222,61,944,792,23937.25458,14,0.885684861
235,68,1031,1605,23937.25458,14,0.885700389
225,61,942,959,23937.25458,13,0.88372093
226,63,989,959,23937.25458,13,0.887337986
153,77,851,948,44660.5002,13,0.915
165,123,790,1352,20835.35135,8,0.890583554
228,104,953,1432,19006.12565,18,0.888508557
257,107,1006,811,12993.74105,16,0.879962634
172,104,739,653,23795.55066,7,0.879888268
166,98,705,452,23795.55066,7,0.878566203
155,95,836,1209,19314.25885,7,0.903546982
132,81,682,1269,19314.25885,5,0.900226757
173,124,979,876,19314.25885,10,0.90932914
144,89,743,1209,19314.25885,7,0.898662913
160,96,859,967,19314.25885,8,0.903439952
151,110,731,1257,34152.22118,21,0.900264201
147,112,702,432,34152.22118,20,0.900876601
147,112,702,498,34152.22118,20,0.900876601
151,110,731,1279,34152.22118,21,0.900264201
151,110,731,1358,34152.22118,21,0.900264201
169,90,889,869,34321.39937,12,0.899940793
113,81,629,1227,34321.39937,9,0.907377049
168,90,766,594,14749.56317,10,0.882763433
181,98,901,2006,14749.56317,9,0.899388549
127,84,651,635,32931.6198,8,0.897580645
131,87,689,1032,32931.6198,7,0.898919753
110,97,489,778,33645.9877,8,0.88210075
88,116,288,627,39876.45671,8,0.853333333
161,121,414,534,39876.45671,12,0.82537961
138,103,364,2507,39876.45671,7,0.827930175
268,118,1134,514,15225.36949,14,0.872744539
216,96,916,508,20626.42224,16,0.879262158
239,89,1005,544,20626.42224,14,0.877373012
106,66,374,1401,19037.66679,7,0.846376812
118,91,492,2627,22488.12742,11,0.878224974
241,110,1001,2022,21351.53591,8,0.874217119
188,112,867,1430,39979.50338,8,0.885015291
178,116,876,716,39979.50338,8,0.892121212
229,112,1051,662,21602.06247,6,0.885270541
147,77,643,2607,41819.70572,6,0.914135514
157,69,630,1054,41819.70572,13,0.90786385
223,117,1411,283,48294.13887,21,0.923182914
224,118,1403,431,48294.13887,20,0.922330097
205,135,1485,542,11153.65005,27,0.929986339
182,90,908,1887,34851.63155,22,0.899336283
164,116,1137,789,11153.65005,20,0.929279862
217,135,1503,1386,11153.65005,26,0.927009754
212,137,1468,1132,11153.65005,26,0.927122723
168,114,1058,593,34851.63155,19,0.921348315
85,88,530,1495,21563.97656,14,0.924911661
91,87,606,1235,21563.97656,17,0.929347826
110,69,600,1217,13790.51191,12,0.913317573
187,117,999,487,24944.83827,17,0.910311751
187,118,995,214,24944.83827,17,0.909792571
173,91,980,656,11110.7312,12,0.900688863
96,79,502,339,13732.39908,9,0.900928793
174,95,1010,856,11110.7312,12,0.902630106
178,100,1062,898,11110.7312,14,0.905016009
197,99,1128,1625,11110.7312,14,0.902859961
171,94,989,902,11110.7312,12,0.902785674
228,119,1256,560,20675.0014,13,0.905276278
231,118,1355,1026,20675.0014,11,0.911697248
222,100,1254,341,20675.0014,16,0.905531915
197,105,1073,1674,26465.70576,8,0.905379443
203,95,832,1051,19006.12565,15,0.886401791
154,104,540,1033,19114.97627,7,0.854579792
183,108,874,487,17555.13785,11,0.895189003
203,86,801,840,28933.52476,9,0.858339149
199,93,814,1026,28933.52476,9,0.863136176
207,109,1070,826,39979.50338,14,0.896551724
205,110,1116,1462,39979.50338,13,0.900774443
137,96,605,1339,39979.50338,3,0.878005343
143,86,655,1118,39979.50338,6,0.881818182
176,119,921,1125,21740.24438,9,0.897376093
155,112,830,873,11706.96044,10,0.899154196
125,73,732,679,20560.19923,5,0.9256395
68,87,274,1543,34418.83947,10,0.885135135
49,66,245,472,34418.83947,9,0.905222437
94,97,334,1816,20961.26048,12,0.867791842
165,62,640,764,17751.98874,6,0.882645804
147,60,590,723,17751.98874,5,0.885335413
144,61,569,1959,17751.98874,5,0.883116883
161,57,627,511,17751.98874,5,0.880652335
55,77,166,1078,32026.19779,37,0.876957494
52,77,159,761,32026.19779,38,0.880733945
125,89,565,645,10442.05896,7,0.901341752
144,93,623,945,10442.05896,6,0.896402878
151,113,852,1336,12563.15445,8,0.904490829
157,113,900,702,12563.15445,8,0.906324582
159,134,836,803,23417.87961,9,0.896349413
201,96,670,445,38359.04293,9,0.870905588
124,103,683,1035,20835.35135,4,0.909290417
279,131,1817,700,92063.85439,25,0.920376712
143,92,768,2108,31725.04397,15,0.898509581
197,107,1031,496,31725.04397,19,0.897555902
300,115,1382,1189,39161.33257,12,0.884437596
300,110,1280,2469,39161.33257,12,0.874319229
240,101,1002,334,39161.33257,8,0.873150106
239,103,1002,996,39161.33257,8,0.873276776
239,101,994,210,39161.33257,8,0.872192513
191,87,809,968,27511.30988,9,0.878343949
329,145,1668,2472,23689.09175,36,0.890552229
336,147,1759,204,23689.09175,37,0.89329946
345,144,1673,1816,16952.0564,34,0.886587771
197,71,643,700,10332.55119,16,0.86281337
139,104,421,1438,35764.16763,12,0.841505131
135,135,397,1315,17973.59103,11,0.837935174
173,79,583,757,9401.494158,20,0.87012012
173,79,583,816,9401.494158,20,0.87012012
191,98,717,1630,21621.5139,17,0.876455369
197,116,764,960,15465.62248,13,0.871493803
35,72,157,1664,32112.02428,33,0.927083333
160,98,495,395,16881.08351,8,0.855465221
65,86,249,424,14497.79317,6,0.861111111
73,84,272,1530,14497.79317,8,0.858527132
170,95,486,2098,21621.5139,14,0.864864865
151,87,419,3496,20984.2943,15,0.867659947
176,107,728,1071,37557.40959,22,0.868065967
176,86,618,2227,37557.40959,21,0.866159696
199,120,605,1496,44978.79125,9,0.870104439
146,81,566,992,10332.55119,20,0.883386581
176,81,646,414,10332.55119,18,0.879616963
153,78,565,677,10332.55119,19,0.88221709
190,82,732,732,10332.55119,19,0.885885886
105,83,383,840,26011.7297,6,0.860927152
154,80,647,1390,18428.03924,7,0.888081395
105,73,560,1475,18428.03924,6,0.910865874
147,79,641,819,18428.03924,7,0.89070632
134,86,507,1595,17360.79085,15,0.877737226
166,85,935,1031,31725.04397,16,0.903432228
126,106,427,692,20961.26048,8,0.856164384
126,106,427,559,20961.26048,8,0.856164384
153,64,517,445,40993.88901,14,0.892405063
233,118,1037,1100,21602.06247,7,0.881785895
147,61,535,552,10572.78467,6,0.867686769
162,62,615,713,18553.493,3,0.878469617
77,63,201,508,31295.34849,3,0.834763948
183,74,690,903,18553.493,6,0.87816245
277,100,827,312,21621.5139,17,0.872526461
200,102,840,563,22618.54494,18,0.886299034
117,71,429,1829,12294.54395,14,0.897278314
308,97,998,5202,12294.54395,37,0.885160328
182,88,763,795,19067.69557,17,0.882504842
171,87,720,414,19067.69557,15,0.881824464
66,112,237,280,17723.4327,9,0.873076923
64,102,219,462,14397.35925,6,0.870182556
66,115,242,560,14397.35925,9,0.875471698
65,111,231,560,14397.35925,9,0.872798434
104,107,637,1093,20746.05601,18,0.929155313
168,105,594,1277,21000.83161,7,0.861728395
226,31,540,240,13854.49042,18,0.869740634
275,49,689,7042,13854.49042,23,0.871735075
268,51,677,3292,13854.49042,21,0.871091871
238,33,579,1290,13854.49042,26,0.87037037
125,94,457,1624,14497.79317,9,0.860801782
148,77,519,1249,38398.03374,9,0.865576748
126,90,425,1797,20961.26048,8,0.856492027
222,91,796,854,24959.37612,10,0.875977654
225,98,794,697,24959.37612,11,0.873310811
80,66,557,699,27888.34453,8,0.924314096
90,69,615,621,27888.34453,8,0.921942758
77,69,538,1087,27888.34453,9,0.925387597
92,77,465,584,25801.91421,8,0.900325027
208,104,853,621,27016.92851,12,0.888650964
217,98,845,943,27016.92851,11,0.885669125
222,97,848,1881,27016.92851,12,0.883586786
114,61,435,736,23521.13493,6,0.872909699
86,40,258,812,19131.085,9,0.892095358
76,33,239,3135,19131.085,7,0.896174863
144,108,594,707,15632.00087,5,0.87554019
180,116,784,1670,15632.00087,6,0.888544892
133,97,593,1189,17611.706,1,0.881882771
128,90,556,428,17611.706,2,0.877159309
125,113,524,378,22599.954,5,0.878875969
129,112,539,466,22599.954,4,0.877492877
130,105,563,1135,17611.706,4,0.881170018
121,97,527,2647,17611.706,3,0.878757515
145,70,577,1393,15599.1856,5,0.882305195
122,110,563,573,34991.12653,10,0.898586866
150,105,669,707,31444.23906,8,0.891696751
184,107,1029,1809,21672.20931,14,0.904860393
93,99,407,590,34226.22895,8,0.894557823
170,91,1007,2793,21672.20931,13,0.907457812
140,101,660,1359,19015.55315,8,0.896526238
104,90,468,2463,25308.72175,6,0.892339545
117,124,590,500,23326.5946,14,0.908235294
58,54,417,607,25308.72175,5,0.930787589
143,122,713,1099,19015.55315,10,0.90278722
169,119,650,661,41420.82633,9,0.87462908
154,123,593,784,41420.82633,10,0.874694874
154,123,593,1094,41420.82633,10,0.874694874
131,121,508,863,41420.82633,8,0.877912395
170,115,659,959,41420.82633,8,0.875091844
254,121,1462,1173,34321.39937,16,0.908633094
115,57,408,685,22467.27921,3,0.867052023
198,69,732,1842,22467.27921,9,0.871261378
163,66,631,226,22467.27921,5,0.877902622
116,57,409,1472,22467.27921,3,0.867730901
247,118,929,2707,32208.65205,20,0.869863014
245,116,928,1289,32208.65205,21,0.869542066
126,91,505,250,19037.66679,9,0.870503597
166,118,693,2643,21000.83161,7,0.879971077
209,117,838,722,23076.62305,7,0.885227897
120,112,468,2710,41420.82633,8,0.879275654
117,112,467,1572,41420.82633,8,0.881097561
119,114,480,842,41420.82633,8,0.882874016
125,113,484,4009,41420.82633,8,0.87804878
200,113,935,747,23076.62305,14,0.898887765
201,118,998,1123,28753.57343,16,0.902046784
187,117,916,835,28753.57343,14,0.903259183
211,126,993,582,28753.57343,16,0.896922325
146,114,669,501,17429.82211,17,0.897183099
237,108,929,1351,32208.65205,21,0.872785829
241,99,938,553,32208.65205,18,0.871740287
240,108,928,1096,32208.65205,21,0.871794872
241,89,907,551,32208.65205,16,0.86670354
238,102,931,580,32208.65205,19,0.872386059
86,96,343,675,9459.775182,6,0.863924051
117,91,512,1573,9459.775182,8,0.882765531
48,68,264,426,34583.80004,3,0.906432749
114,93,678,521,24802.59456,12,0.908507223
115,96,728,579,24802.59456,13,0.914434524
114,98,702,551,24802.59456,14,0.9138322
46,79,216,231,18323.99703,4,0.895454545
46,79,216,974,18323.99703,4,0.895454545
46,79,216,861,18323.99703,4,0.895454545
46,79,216,609,18323.99703,4,0.895454545
187,109,656,644,17767.94461,12,0.853102907
224,105,827,2463,17767.94461,17,0.863247863
164,94,695,664,23667.05304,10,0.884262526
96,69,490,1068,22158.3917,10,0.898947368
356,140,2188,543,25660.57992,33,0.908974687
162,57,704,1521,11903.34553,8,0.861774744
73,82,485,423,18280.3043,7,0.919247788
82,114,408,1555,21161.56927,6,0.891963109
67,78,449,653,22831.5909,6,0.918292683
92,38,365,1901,25473.53184,7,0.898342541
133,58,521,3583,63564.3509,8,0.899546828
105,42,435,2282,63564.3509,8,0.902052239
133,58,521,1552,63564.3509,8,0.899546828
174,70,760,1754,37997.64822,13,0.882511816
239,73,1268,1203,44202.78123,17,0.89898563
221,103,978,586,22618.54494,19,0.895803866
66,56,166,2193,19795.33566,8,0.868525896
79,59,175,665,19795.33566,9,0.854779412
79,56,192,836,19795.33566,14,0.860915493
139,56,591,855,10415.33542,7,0.855057351
138,52,575,1127,10415.33542,6,0.852248394
140,52,582,1128,10415.33542,6,0.851694915
140,52,582,820,10415.33542,6,0.851694915
304,71,822,866,14060.3669,29,0.867768595
31,37,144,3342,36692.49498,0,0.886446886
35,38,146,2260,36692.49498,0,0.880952381
152,102,806,857,27908.211,10,0.896528251
105,136,519,1453,25895.42956,17,0.91025641
150,95,747,930,27908.211,8,0.888143177
165,99,806,1584,27908.211,10,0.887525562
208,84,1125,2665,26266.09208,10,0.901046622
135,70,744,531,26266.09208,5,0.906574394
174,56,836,777,23320.92604,15,0.894481504
170,59,814,975,23320.92604,13,0.892541087
139,59,770,803,44202.78123,14,0.902661064
237,81,1322,893,23624.75283,24,0.902428983
277,94,1576,784,23624.75283,22,0.906133514
276,96,1557,1030,23624.75283,25,0.905705501
270,103,1495,2302,23624.75283,25,0.904289259
265,97,1465,1909,23624.75283,25,0.903284672
267,93,1487,2672,23624.75283,21,0.904676901
267,93,1487,1321,23624.75283,21,0.904676901
283,84,1594,2127,23624.75283,18,0.905980066
270,103,1495,1229,23624.75283,25,0.904289259
164,88,880,816,26266.09208,9,0.902322811
212,66,937,564,55277.9273,10,0.886327078
159,57,616,198,55277.9273,7,0.869028007
189,88,974,642,55277.9273,10,0.899092365
171,75,816,1163,55277.9273,8,0.893524284
185,92,955,1439,55277.9273,10,0.898851832
166,115,843,708,26011.7297,11,0.90546697
186,111,792,418,26011.7297,10,0.887816647
193,122,944,738,11347.81163,13,0.902819738
193,122,944,1235,11347.81163,13,0.902819738
157,130,745,612,11347.81163,15,0.896164021
170,119,851,1332,11347.81163,15,0.905607996
170,119,851,371,11347.81163,15,0.905607996
174,96,695,1399,23076.62305,7,0.875536481
169,97,684,500,23076.62305,7,0.876552228
177,107,699,1115,25681.43861,8,0.87311828
168,94,661,372,25681.43861,6,0.872534143
225,118,955,1587,15632.00087,10,0.889380531
194,121,862,1763,15632.00087,10,0.894679696
235,117,1017,945,15632.00087,14,0.889774859
93,99,526,1929,14918.87422,10,0.921651222
98,115,522,2656,26470.52405,10,0.917854149
111,113,577,3252,26470.52405,17,0.914746544
93,85,565,1491,43038.28137,13,0.923895254
107,81,600,673,43038.28137,13,0.91781874
225,110,807,2106,9454.241349,15,0.884792627
238,97,803,688,9454.241349,16,0.87912646
227,107,752,870,9397.051812,16,0.876697447
223,105,751,1362,9397.051812,16,0.878738445
124,96,743,927,24802.59456,18,0.913407821
64,128,368,635,18657.88758,5,0.894736842
83,91,358,273,34226.22895,9,0.894803549
214,107,993,1139,17671.14532,15,0.900186567
349,59,1695,79,49387.2863,104,0.896745562
389,90,2099,3331,134994.9088,202,0.908470588
335,49,2149,1286,52943.28146,209,0.922453704
327,95,1108,927,30211.60385,15,0.851025057
332,84,1129,1529,30211.60385,15,0.849296414
361,86,1206,1789,30211.60385,17,0.846513605
306,86,1053,646,30211.60385,16,0.853378055
293,91,1039,3207,30211.60385,17,0.857073171
306,86,1053,716,30211.60385,16,0.853378055
325,82,1110,959,30211.60385,16,0.851190476
310,82,1059,432,30211.60385,16,0.852451214
357,88,1207,2216,30211.60385,17,0.847890925
229,61,1106,1301,30883.73348,28,0.901462995
201,87,731,540,42649.78768,10,0.880994671
151,82,576,1279,42649.78768,5,0.885519333
232,97,807,1638,42649.78768,10,0.878087231
223,94,780,1485,42649.78768,9,0.878407852
177,65,869,895,44202.78123,14,0.888116308
153,59,832,1074,44202.78123,14,0.897795591
152,59,826,1297,44202.78123,14,0.897297297
144,58,763,1182,44202.78123,13,0.895727734
229,80,1034,1097,26737.12397,11,0.886465047
144,98,728,1247,10936.29824,8,0.890160183
189,96,1051,2952,34321.39937,9,0.903126602
220,54,709,622,33820.49488,5,0.814970563
220,49,721,435,33820.49488,5,0.818631492
221,56,748,2724,33820.49488,3,0.825572218
219,51,709,1504,33820.49488,5,0.815966387
223,53,723,3974,33820.49488,6,0.817810458
221,57,720,1291,33820.49488,7,0.818405916
220,51,713,1033,33820.49488,5,0.816513761
223,51,721,653,33820.49488,6,0.817213115
218,52,699,1251,33820.49488,5,0.813675214
221,55,719,2862,33820.49488,7,0.818106996
220,53,710,715,33820.49488,5,0.815281276
229,58,746,1312,33820.49488,8,0.819826908
222,53,723,311,33820.49488,5,0.817883511
167,60,722,1548,37997.64822,11,0.884108258
198,86,998,2686,33136.1241,30,0.902318698
282,101,1067,763,42649.78768,19,0.885412434
307,88,772,626,27829.2449,25,0.873088053
144,125,662,707,19015.55315,11,0.894350697
136,131,649,656,19015.55315,11,0.901520637
144,106,336,3071,21120.45679,41,0.868372943
125,87,290,2385,29101.06209,43,0.863387978
290,66,1813,503,52943.28146,104,0.921066957
290,66,1813,575,52943.28146,104,0.921066957
290,66,1813,1405,52943.28146,104,0.921066957
100,78,366,3163,36724.34332,12,0.886104784
186,112,960,547,34152.22118,22,0.905295316
78,110,328,2903,86021.11043,98,0.924198251
365,138,1133,2561,40268.92265,44,0.88379497
377,135,1257,5160,40268.92265,68,0.889377934
258,143,995,7569,86021.11043,133,0.908413206
187,136,725,5337,86021.11043,117,0.910824988
187,136,725,3698,86021.11043,117,0.910824988
187,136,725,9441,86021.11043,117,0.910824988
217,123,1272,1495,92063.85439,14,0.910330579
436,81,2252,2383,134994.9088,156,0.904574305
437,87,2306,1404,134994.9088,154,0.906723586
416,79,2031,1786,134994.9088,116,0.899855561
437,87,2306,683,134994.9088,154,0.906723586
379,62,1854,3576,58126.24751,48,0.901276374
116,72,303,1741,23158.27997,13,0.873362445
110,71,287,685,23158.27997,14,0.873708381
110,59,333,1251,23722.84324,11,0.892156863
247,70,1393,1763,34659.66472,118,0.907594463
246,67,1368,2062,34659.66472,113,0.90617849
252,69,1406,1783,34659.66472,117,0.906804734
223,59,1343,1497,34659.66472,93,0.914197768
99,109,543,1226,26470.52405,10,0.919773096
98,110,526,1216,26470.52405,10,0.918401332
93,89,272,1433,16595.98649,14,0.891100703
74,74,229,1710,15798.86142,11,0.890855457
60,62,172,1600,19795.33566,9,0.886792453
65,54,172,1620,19795.33566,9,0.874759152
51,61,146,1224,19795.33566,9,0.883027523
294,77,1625,9446,34163.0791,122,0.904483431
288,73,1218,2194,53812.22095,29,0.879648976
245,80,1113,2408,57490.43826,23,0.89254386
178,65,920,998,57490.43826,21,0.904863709
193,75,984,1439,57490.43826,22,0.904123199
178,65,920,466,57490.43826,21,0.904863709
285,85,1233,1439,34604.20073,31,0.886318309
40,39,157,852,60829.6861,6,0.883381924
40,39,157,2400,60829.6861,6,0.883381924
38,34,151,1747,60829.6861,6,0.886904762
36,30,133,484,60829.6861,5,0.880398671
34,34,130,2767,60829.6861,6,0.88028169
88,54,223,1776,23158.27997,14,0.869436202
213,107,1182,1026,20675.0014,7,0.906332454
268,122,1060,1740,51885.59884,129,0.910307898
268,122,1060,3650,51885.59884,129,0.910307898
107,72,708,1539,33995.93147,10,0.920974889
109,77,719,854,27888.34453,7,0.920957215
183,74,874,2232,20092.47001,15,0.898163606
136,47,650,2549,46896.40678,12,0.902368988
162,56,813,1580,46896.40678,12,0.903914591
162,56,813,515,46896.40678,12,0.903914591
89,53,391,759,15749.29261,4,0.875698324
438,113,2288,4001,53812.22095,189,0.900994575
438,112,2265,1193,53812.22095,168,0.900770276
436,111,2227,426,53812.22095,166,0.899144113
438,112,2265,821,53812.22095,168,0.900770276
443,107,2382,4222,49722.93653,199,0.901752051
366,112,1972,1260,49722.93653,187,0.900786121
410,104,2215,4543,49722.93653,190,0.900798451
410,104,2215,3670,49722.93653,190,0.900798451
432,110,2352,8465,49722.93653,201,0.904318937
443,108,2405,3827,49722.93653,199,0.902508803
434,109,2258,3029,134994.9088,160,0.902515723
464,103,2592,243,134994.9088,201,0.908245996
436,101,2229,3483,134994.9088,161,0.90070599
476,102,2487,1289,134994.9088,184,0.903448276
447,114,2316,2197,134994.9088,166,0.901887621
449,108,2414,560,134994.9088,182,0.905354132
449,108,2414,546,134994.9088,182,0.905354132
445,108,2364,757,134994.9088,172,0.904136148
134,82,490,1746,60114.13685,16,0.884978541
363,65,1841,643,58126.24751,49,0.904498816
162,122,598,859,86021.11043,87,0.910199557
213,126,660,2862,86021.11043,94,0.894029851
205,74,1181,4918,58982.69862,46,0.912579957
252,75,1440,2871,42858.54149,57,0.912378303
233,75,1395,1307,42858.54149,56,0.916427547
329,80,1705,6373,49884.88825,56,0.902892562
290,65,1293,9936,52943.28146,72,0.888675624
233,66,1120,1262,42858.54149,65,0.892079667
230,55,1346,2157,18597.21201,185,0.91433892
225,52,1413,2447,34659.66472,98,0.919499106
212,46,1302,2021,34659.66472,89,0.917445483
253,62,1421,4458,34659.66472,97,0.908166969
263,52,1524,1488,49387.2863,137,0.913000331
271,53,1628,1617,49387.2863,213,0.916409624
280,55,1682,9666,49387.2863,212,0.917695473
142,79,416,1598,20821.24615,16,0.876198779
140,93,669,2295,27406.91783,12,0.893617021
332,66,1695,5924,134994.9088,70,0.900360144
144,61,867,1623,58982.69862,36,0.916376307
278,140,785,922,10053.93561,27,0.876389506
255,122,1676,967,48294.13887,19,0.925872093
258,129,1666,3448,48294.13887,20,0.924184543
97,78,572,1890,41819.70572,8,0.927557879
182,86,913,3363,75810.43776,27,0.903652726
126,72,632,1478,75810.43776,17,0.907352941
177,89,905,766,75810.43776,28,0.90565032
235,98,832,539,26371.33594,16,0.875595553
246,100,883,1706,26371.33594,19,0.878398418
222,106,799,567,26371.33594,16,0.881283422
77,92,275,2131,14380.88502,12,0.906779661
79,94,270,2799,16595.98649,12,0.904819277
96,87,285,1421,15798.86142,15,0.892255892
94,91,284,1433,15798.86142,15,0.894024803
316,57,1788,646,49387.2863,124,0.909894497
282,96,1507,1355,55277.9273,19,0.901398601
222,93,818,1418,32208.65205,21,0.868014269
253,106,971,1611,32208.65205,22,0.871638762
248,104,967,1063,32208.65205,21,0.874873865
257,103,986,1393,32208.65205,21,0.871371371
206,95,782,974,47945.47016,20,0.871731009
210,93,795,1257,47945.47016,20,0.871794872
176,94,740,5050,47945.47016,20,0.883674818
206,95,782,835,47945.47016,20,0.871731009
183,95,457,749,8553.058892,34,0.860305344
195,96,510,449,8553.058892,36,0.864864865
167,116,620,575,41420.82633,7,0.870642912
31,64,210,2843,35286.78995,3,0.93231441
137,38,598,1036,24590.48557,3,0.887888707
162,43,576,681,24590.48557,5,0.856763926
162,43,576,1974,24590.48557,5,0.856763926
198,74,718,1291,17751.98874,7,0.87372449
191,69,706,478,17751.98874,7,0.876455369
198,74,718,341,17751.98874,7,0.87372449
110,129,352,1903,15454.65234,30,0.896226415
115,62,345,2446,20558.81827,5,0.830882353
241,97,845,1353,26371.33594,17,0.876092545
154,90,849,1141,75810.43776,37,0.909144543
154,90,849,1087,75810.43776,37,0.909144543
146,121,325,1133,86021.11043,43,0.884402217
92,75,277,814,16218.85574,8,0.807933194
346,141,1239,1443,40268.92265,92,0.89781453
143,67,649,2886,37997.64822,10,0.8856
287,83,1623,4808,34163.0791,140,0.905932481
290,81,1641,4210,34163.0791,135,0.908459596
292,138,1108,1118,51885.59884,132,0.906887755
299,140,1119,3589,51885.59884,126,0.904533844
338,133,1195,4330,51885.59884,124,0.899434692
280,108,1166,321,42649.78768,16,0.891472868
280,108,1166,487,42649.78768,16,0.891472868
357,77,1832,6775,49884.88825,52,0.9013267
350,75,1817,3442,58126.24751,45,0.905328645
350,75,1817,4189,58126.24751,45,0.905328645
343,75,1853,6651,58126.24751,53,0.907522243
347,76,1799,3070,58126.24751,47,0.90596206
273,103,707,11397,27829.2449,32,0.869190225
279,100,754,1403,27829.2449,30,0.871959615
286,102,744,510,27829.2449,32,0.869465997
278,100,752,2859,27829.2449,30,0.872301332
292,93,780,1842,27829.2449,30,0.868290483
284,105,753,1604,27829.2449,33,0.871956718
311,90,828,1490,22107.5451,30,0.865774709
253,97,798,650,9454.241349,18,0.876404494
291,97,892,382,22107.5451,25,0.872703412
159,64,923,2162,58982.69862,38,0.913914456
236,87,1050,1453,60114.13685,17,0.895528995
224,70,957,1046,60114.13685,20,0.893687708
230,93,1026,2161,60114.13685,16,0.894736842
258,86,1078,1819,60114.13685,16,0.891185154
239,88,1053,251,60114.13685,17,0.894760018
224,70,957,2049,60114.13685,20,0.893687708
456,122,1428,1875,51885.59884,87,0.88667992
459,111,1431,1856,51885.59884,84,0.885077616
231,94,1318,2057,28933.52476,10,0.913741598
214,106,1303,1029,28933.52476,10,0.918538257
349,101,1870,635,49722.93653,189,0.90188361
334,77,1847,1063,34163.0791,146,0.905809363
330,79,1830,1562,34163.0791,138,0.90675332
300,105,1641,717,34163.0791,175,0.903567985
339,76,1895,1271,49387.2863,153,0.908353609
379,77,2088,1409,49387.2863,157,0.906879607
343,74,1934,770,49387.2863,153,0.908703753
345,80,1889,1001,49387.2863,149,0.905271829
402,91,2229,1155,134994.9088,195,0.907437255
404,97,2198,616,134994.9088,206,0.904941176
370,124,1247,342,35105.88129,55,0.889979185
287,105,914,5618,35105.88129,25,0.883048085
275,71,764,2013,14060.3669,29,0.8761819
328,54,888,501,13854.49042,42,0.874904653
337,73,848,191,13854.49042,32,0.872396819
333,56,896,1759,13854.49042,43,0.876346082
380,88,1109,1273,13854.49042,65,0.883507051
352,61,1017,1005,13854.49042,61,0.880515954
287,55,748,2111,13854.49042,31,0.874288217
349,98,889,2061,27829.2449,42,0.877199156
137,96,623,1609,33390.6679,13,0.903180212
137,96,623,2058,33390.6679,13,0.903180212
176,75,961,1638,30713.91024,14,0.904295813
196,77,1012,1679,30713.91024,14,0.898340249
93,74,304,6198,29101.06209,42,0.885043263
413,131,1402,5446,40268.92265,84,0.891229918
372,139,1307,2956,40268.92265,94,0.895593601
367,139,1302,2951,40268.92265,97,0.896444695
355,151,2605,2048,92063.85439,24,0.924931275
345,157,2316,2599,92063.85439,31,0.921662125
346,150,2543,485,92063.85439,24,0.924089513
294,133,2005,3480,92063.85439,25,0.923377639
352,151,2587,136,92063.85439,25,0.925010652
340,149,2437,3140,92063.85439,23,0.921785139
348,158,2594,725,92063.85439,24,0.925704526
364,152,2406,4237,92063.85439,35,0.919361985
283,144,2023,770,92063.85439,21,0.924673942
338,136,2379,9535,92063.85439,19,0.920113448
349,133,2491,2261,92063.85439,18,0.923498466
337,131,2389,598,92063.85439,19,0.92064987
339,139,2462,793,92063.85439,20,0.923871547
373,156,2430,2754,92063.85439,34,0.918558952
349,154,2561,1399,92063.85439,24,0.924097434
156,45,1378,779,53069.27567,211,0.942136499
167,50,1456,1043,53069.27567,306,0.9414446
241,53,1470,2039,18597.21201,223,0.918221921
381,77,1998,1377,134994.9088,182,0.905529383
429,89,2237,1835,134994.9088,170,0.90473018
419,85,2178,1817,134994.9088,160,0.904988662
436,92,2225,1193,134994.9088,179,0.903154154
456,101,2392,2513,134994.9088,176,0.905098855
339,71,1849,1514,134994.9088,71,0.907830343
336,70,1796,688,134994.9088,71,0.904734902
445,102,2440,4904,134994.9088,183,0.909128038
370,68,1935,6230,58126.24751,71,0.904516129
123,88,605,1749,43038.28137,15,0.910087719
122,85,605,474,43038.28137,14,0.911785973
123,85,610,1116,43038.28137,13,0.911510791
129,135,515,2195,32112.02428,63,0.915851272
118,110,477,854,13865.29669,13,0.893115942
140,108,516,909,63564.3509,15,0.885527392
118,99,453,746,63564.3509,9,0.881881882
117,103,456,486,63564.3509,10,0.88484252
124,96,476,1540,63564.3509,10,0.882129278
340,80,1689,3211,49884.88825,53,0.899229401
270,72,1401,2402,58872.21116,53,0.905495275
99,39,745,2018,19674.05146,12,0.929936306
112,64,857,171,33995.93147,10,0.931582162
120,49,890,621,33995.93147,13,0.927667269
95,37,477,1702,46896.40678,7,0.912923923
101,49,498,2219,46896.40678,7,0.910856134
96,59,489,1176,46896.40678,7,0.911520737
101,49,498,1999,46896.40678,7,0.910856134
123,61,567,1277,31939.77031,9,0.900162338
116,50,469,1658,63564.3509,9,0.904761905
115,50,454,2351,63564.3509,11,0.902459712
122,51,480,1294,63564.3509,8,0.903633491
122,51,480,1294,63564.3509,8,0.903633491
110,50,446,2358,63564.3509,9,0.901785714
110,50,446,2297,63564.3509,9,0.901785714
122,51,480,1764,63564.3509,8,0.903633491
126,60,491,608,63564.3509,10,0.90102121
430,104,1345,3080,51885.59884,80,0.887552301
420,109,1325,2484,51885.59884,87,0.889647924
411,94,1251,1656,51885.59884,74,0.88493841
409,71,1223,4606,13854.49042,69,0.880931587
402,90,1212,1622,13854.49042,75,0.883982684
408,102,1240,2140,24090.92045,76,0.886792453
221,129,929,1267,17389.64383,20,0.88590604
205,118,822,3368,37557.40959,24,0.869343531
214,122,844,996,37557.40959,23,0.871702638
207,110,962,1425,28753.57343,11,0.897928994
197,104,915,1520,28753.57343,17,0.900152053
224,115,1000,501,26011.7297,14,0.893939394
104,123,525,1112,25895.42956,15,0.911035073
91,121,488,1856,25895.42956,10,0.918677391
147,86,845,965,57490.43826,16,0.915759312
136,84,745,2958,29599.69657,15,0.912596401
343,76,1419,3211,49884.88825,38,0.878669968
341,76,1488,3532,49884.88825,41,0.886522463
331,80,1362,1618,58126.24751,33,0.877949853
391,91,1673,1469,53812.22095,53,0.881980078
396,92,1734,867,53812.22095,72,0.884581755
410,98,1898,1812,134994.9088,97,0.892726321
410,97,1887,1213,134994.9088,88,0.891906143
402,97,1906,1514,134994.9088,121,0.893425239
208,100,790,1936,27016.92851,12,0.882882883
210,99,799,1438,27016.92851,12,0.883138564
204,100,697,745,27016.92851,11,0.868046572
168,75,649,1140,40993.88901,15,0.90438247
155,76,588,1363,40993.88901,16,0.906060606
172,72,657,1136,28056.87549,14,0.905181918
119,166,757,2706,22681.831,14,0.927791262
94,49,292,1201,36488.39097,17,0.820610687
191,86,713,730,26986.96295,10,0.851708075
127,48,742,525,25722.93911,8,0.906617647
116,47,699,850,25722.93911,7,0.909304144
156,50,851,962,25722.93911,7,0.901886792
111,40,642,2331,25722.93911,5,0.906408094
112,96,618,1355,44660.5002,7,0.917098446
325,73,1328,1206,49884.88825,30,0.878003003
320,133,2318,1645,92063.85439,18,0.925771283
336,130,2406,5434,92063.85439,20,0.923792243
309,127,2122,1378,92063.85439,19,0.922942643
268,128,1977,2389,92063.85439,18,0.927801724
195,61,751,2507,23078.81627,17,0.887672811
204,94,859,416,22618.54494,17,0.895223421
215,92,870,366,22618.54494,18,0.890025575
215,92,870,689,22618.54494,18,0.890025575
205,77,820,1213,22618.54494,16,0.889308855
188,65,758,1012,118938.5837,13,0.903983657
188,65,758,2120,118938.5837,13,0.903983657
194,70,779,2396,118938.5837,13,0.903145282
189,57,759,680,118938.5837,15,0.903914591
189,57,759,709,118938.5837,15,0.903914591
151,78,841,209,42482.92615,9,0.910966981
216,60,1014,3061,30883.73348,16,0.899065421
204,60,978,1148,30883.73348,17,0.902017291
255,53,1199,572,27768.72215,24,0.896802914
130,92,667,1531,33390.6679,15,0.904552129
134,66,673,1132,15474.29086,8,0.888704319
99,67,611,514,34851.63155,10,0.907303371
91,59,431,2024,34851.63155,9,0.891148325
349,72,1854,1032,58126.24751,58,0.907156159
339,77,1788,3212,58126.24751,52,0.904962153
105,103,659,446,21563.97656,16,0.923189466
105,103,659,6083,21563.97656,16,0.923189466
120,88,752,6232,19040.65528,15,0.922330097
105,73,704,1253,19040.65528,15,0.927436075
111,78,722,2810,19040.65528,16,0.924643585
246,56,1741,1550,52943.28146,297,0.929127053
193,51,1551,2422,53069.27567,276,0.936804191
222,54,1627,785,53069.27567,312,0.930429332
202,53,1600,11172,49970.30897,231,0.935893367
227,50,1717,3177,49970.30897,203,0.932460577
176,96,955,4432,75810.43776,35,0.909511568
187,108,975,4064,75810.43776,38,0.906453227
182,101,934,2280,75810.43776,38,0.904662127
236,59,776,839,33820.49488,7,0.821347464
236,58,776,778,33820.49488,7,0.821752266
105,42,403,2449,118938.5837,13,0.905063291
86,37,339,1271,118938.5837,13,0.908413206
111,46,429,1913,118938.5837,13,0.905128205
62,61,324,2271,33645.9877,8,0.909883721
246,47,1643,1450,18597.21201,282,0.924493554
240,43,1657,3665,18597.21201,276,0.925948781
312,53,1908,1021,49387.2863,278,0.919794344
225,138,1483,1590,72929.04225,20,0.917340191
227,117,1318,1099,34321.39937,15,0.906391753
174,122,1168,3428,34321.39937,16,0.920909091
185,131,1263,1711,34321.39937,17,0.922105263
191,59,978,2390,23320.92604,15,0.896082699
216,70,1101,973,23320.92604,17,0.895752896
200,75,1071,5092,42858.54149,70,0.90300679
235,72,1392,844,42858.54149,58,0.914576518
129,62,741,1997,37988.80625,12,0.90542522
162,72,873,840,30970.59425,14,0.901098901
224,115,943,1134,27511.30988,8,0.875278396
77,64,222,2093,31098.29863,8,0.893203883
229,83,998,1482,20626.42224,15,0.881100727
244,78,1056,531,20626.42224,14,0.881897386
228,82,997,822,20626.42224,14,0.881742739
248,74,1082,625,20626.42224,14,0.882908404
246,73,1084,791,23937.25458,13,0.885368127
284,109,2102,2134,25660.57992,17,0.922383165
305,121,2203,3511,25660.57992,18,0.921107087
232,122,1524,2146,92063.85439,19,0.919444444
295,140,1890,3933,92063.85439,24,0.918844567
269,125,1793,1314,92063.85439,21,0.919916642
286,126,1878,680,92063.85439,25,0.91898017
117,104,840,847,18817.68998,12,0.928788801
139,113,919,943,18817.68998,6,0.92269188
116,102,835,1160,18817.68998,12,0.929051988
166,94,884,659,75810.43776,37,0.90663667
239,48,926,1250,30883.73348,9,0.870038064
241,51,972,2602,27768.72215,10,0.877602844
159,86,869,773,57490.43826,12,0.911173184
161,86,877,1535,57490.43826,10,0.910456062
305,95,2072,1450,92063.85439,15,0.918839808
286,97,2032,2407,26465.70576,14,0.92179382
277,79,1953,224,26465.70576,12,0.92067583
340,80,1666,642,134994.9088,60,0.900874636
317,59,1435,1101,58126.24751,28,0.89333782
356,90,1613,1514,34604.20073,56,0.893826424
266,90,1282,2201,23689.09175,30,0.885983712
208,102,876,1548,25603.0493,19,0.891042431
203,100,866,2738,25603.0493,20,0.893494229
200,90,792,668,31575.54927,18,0.877526026
177,89,759,841,31575.54927,13,0.885510996
343,72,1707,462,52943.28146,110,0.898159145
333,65,1510,3587,52943.28146,91,0.888814691
329,63,1480,1386,52943.28146,89,0.88736734
361,84,1912,1271,134994.9088,178,0.905149764
95,78,705,2771,42257.62962,12,0.939835339
86,83,643,1747,55247.40565,10,0.940277778
74,78,573,3213,35286.78995,10,0.946647441
78,80,592,1854,35286.78995,10,0.944325482
71,81,547,1205,35286.78995,10,0.946856287
359,98,1272,648,21672.99278,13,0.859215686
351,94,1250,1848,21672.99278,13,0.859824281
335,101,1127,685,30211.60385,15,0.850379634
350,98,1247,2358,30211.60385,14,0.859494179
358,92,1238,3795,30211.60385,15,0.853817885
204,66,618,438,31139.66985,25,0.835084883
204,66,618,2179,31139.66985,25,0.835084883
176,65,459,1313,58872.21116,23,0.807860262
176,65,459,2140,58872.21116,23,0.807860262
176,65,459,894,58872.21116,23,0.807860262
92,54,556,2413,42482.92615,3,0.916058394
91,49,515,1825,42482.92615,3,0.909722222
99,51,574,1170,42482.92615,2,0.911607143
322,135,1666,2694,64012.98508,37,0.894252874
307,132,1563,950,64012.98508,32,0.891519435
332,144,1789,1495,23689.09175,37,0.897213622
326,140,1710,1359,92063.85439,38,0.894430052
322,133,1804,2318,92063.85439,39,0.90367933
332,140,1834,3949,92063.85439,39,0.902266706
399,130,1387,5279,40268.92265,95,0.896228869
344,139,1259,1133,40268.92265,103,0.900750144
368,135,1333,527,40268.92265,113,0.900513652
368,135,1333,443,40268.92265,113,0.900513652
391,135,1369,199,40268.92265,95,0.896533474
394,133,1367,745,40268.92265,110,0.898243802
134,109,608,515,34991.12653,9,0.894654088
370,67,1930,3292,49387.2863,157,0.904244306
46,98,204,1940,6177.561535,87,0.921501706
440,99,1343,8415,51885.59884,75,0.883597884
429,93,1279,2884,51885.59884,67,0.878228782
456,97,1359,1987,51885.59884,73,0.880409127
435,81,1278,8868,51885.59884,70,0.881212452
452,104,1393,7124,51885.59884,76,0.884958005
121,102,948,1722,72929.04225,13,0.937305699
190,154,1339,5097,72929.04225,20,0.925954793
231,154,1602,1313,72929.04225,21,0.926713198
145,108,1004,1926,72929.04225,16,0.928711898
194,149,1405,1037,72929.04225,21,0.927988122
190,154,1339,1566,72929.04225,20,0.925954793
120,99,963,3007,72929.04225,14,0.938461538
190,154,1339,653,72929.04225,20,0.925954793
105,93,829,2282,72929.04225,12,0.94017094
224,139,1494,1167,72929.04225,22,0.92485743
115,80,720,1763,72929.04225,5,0.916666667
244,148,1600,583,72929.04225,22,0.924105754
210,150,1479,1141,72929.04225,19,0.925452609
159,128,1138,553,72929.04225,17,0.929081178
150,129,1074,2178,72929.04225,16,0.930037313
209,38,994,1344,27812.43798,7,0.884721456
328,102,919,741,24090.92045,58,0.885913043
321,104,897,1216,24090.92045,60,0.886452069
328,102,919,1483,24090.92045,58,0.885913043
328,102,919,2965,24090.92045,58,0.885913043
59,40,403,689,58982.69862,47,0.927160494
134,54,694,4212,54974.84818,25,0.91236102
87,41,424,3568,54974.84818,23,0.900229358
165,60,816,1659,54974.84818,27,0.908282379
87,41,424,2232,54974.84818,23,0.900229358
123,50,637,1999,53885.90844,25,0.912393162
185,94,1073,1582,34321.39937,9,0.905467552
186,100,1076,722,34321.39937,12,0.904320988
186,88,1046,437,34321.39937,12,0.903225806
206,66,1114,1877,23320.92604,14,0.903648269
87,67,320,1685,29842.30973,9,0.888746803
194,125,724,2124,37557.40959,25,0.868741543
137,84,950,608,43038.28137,17,0.923335199
263,90,1470,1445,23624.75283,24,0.904675607
181,66,795,938,55277.9273,10,0.885297845
215,99,807,2419,17767.94461,18,0.866376631
214,106,811,1837,17767.94461,17,0.867901235
189,42,850,2239,34426.55575,19,0.877352369
176,44,787,806,34426.55575,18,0.878031878
204,41,960,1569,34426.55575,21,0.883428571
348,150,2285,2491,92063.85439,33,0.919889503
107,106,729,1564,42257.62962,14,0.931847134
316,121,956,9334,51885.59884,106,0.893243243
368,89,1264,669,21672.99278,15,0.852208835
216,96,864,1037,32364.83017,12,0.878378378
220,143,879,1143,17389.64383,23,0.879781421
276,94,1152,1801,42649.78768,21,0.893968498
299,93,1194,1076,42649.78768,22,0.889586411
144,53,890,1191,13384.80088,5,0.922622246
148,94,787,927,19314.25885,6,0.902051621
206,113,1078,858,18843.2556,14,0.906871609
136,76,576,894,20470.0025,10,0.870105062
126,52,696,1650,38110.8177,12,0.915492958
243,143,1610,583,11153.65005,24,0.925482981
227,99,736,229,9397.051812,15,0.875479978
234,94,718,1831,9397.051812,18,0.871003308
298,92,897,9278,9397.051812,26,0.869355546
233,94,708,2424,9397.051812,17,0.870699223
231,99,722,453,9397.051812,17,0.872867364
309,87,875,4438,22107.5451,28,0.865652174
275,93,1112,1350,36338.43718,14,0.872093023
31,67,134,1463,19983.21013,3,0.878431373
224,95,789,937,24959.37612,9,0.873374788
288,98,1127,1078,26371.33594,24,0.886569516
218,73,853,763,25603.0493,17,0.886517439
220,119,533,1837,24090.92045,31,0.864448552
128,115,467,437,14497.79317,9,0.861621622
225,118,953,1082,15632.00087,11,0.889380531
236,92,819,1757,12753.44077,18,0.88626506
236,92,819,556,12753.44077,18,0.88626506
131,94,621,2346,15402.92528,12,0.884173298
132,94,625,880,15402.92528,13,0.883905013
135,93,648,2068,15402.92528,11,0.886459209
83,94,329,1338,14380.88502,10,0.898159509
353,116,1180,1815,35105.88129,63,0.888255777
153,94,800,1738,27908.211,10,0.895277207
127,53,826,840,13384.80088,7,0.922983626
337,79,1442,1313,58126.24751,38,0.884112792
343,81,1446,1654,58126.24751,39,0.881968341
174,85,671,1701,17767.94461,10,0.864380359
139,84,902,847,32500.0954,18,0.922949002
173,108,563,688,6906.54608,16,0.871756857
240,92,772,757,9454.241349,15,0.877800407
235,92,788,726,9454.241349,17,0.881072874
233,98,775,2597,9397.051812,16,0.878265413
247,76,1273,713,26737.12397,19,0.897637795
360,91,1251,308,21672.99278,16,0.855189059
71,63,409,256,27888.34453,10,0.909207161
198,66,1031,2786,14552.56796,21,0.895899054
153,72,560,1200,40993.88901,13,0.904434728
118,66,445,742,25847.2077,18,0.848911652
118,66,445,846,25847.2077,18,0.848911652
123,125,787,1641,28878.15314,16,0.929593589
235,96,1360,1372,18022.5886,19,0.916548295
279,79,1951,3245,26465.70576,11,0.920625889
117,51,329,769,23722.84324,15,0.881698686
109,48,327,880,23722.84324,13,0.886221294
332,114,826,1315,27829.2449,35,0.876211782
327,111,780,1775,24090.92045,34,0.873598763
284,110,688,1063,24090.92045,30,0.871260199
273,102,837,726,12753.44077,19,0.87254902
161,75,577,476,38398.03374,9,0.866721854
149,79,525,953,38398.03374,11,0.867082962
161,79,570,1275,38398.03374,10,0.865945046
225,89,976,541,19006.12565,18,0.891618497
249,106,1004,1789,19006.12565,19,0.888839286
213,88,937,6823,19006.12565,18,0.894554455
117,88,836,552,20746.05601,17,0.928352725
154,112,574,594,41420.82633,7,0.871559633
444,110,1423,1617,51885.59884,82,0.890559527
284,94,849,715,22107.5451,28,0.871551334
189,63,956,2968,54974.84818,28,0.906620553
189,63,956,5258,54974.84818,28,0.906620553
69,118,305,1366,6177.561535,95,0.928865979
161,129,639,2006,86021.11043,107,0.918191057
94,75,301,5494,29101.06209,44,0.883229814
66,73,191,266,29101.06209,49,0.883392226
131,81,350,1807,8553.058892,21,0.858531317
110,81,339,709,8553.058892,18,0.870588235
126,80,352,1008,8553.058892,20,0.863340564
101,83,465,695,12435.85358,13,0.910460993
103,94,478,382,32026.19779,38,0.908849558
245,152,785,2267,40268.92265,44,0.89744663
332,102,1097,1092,35105.88129,46,0.886379192
300,48,819,1078,13854.49042,40,0.875776398
336,51,981,277,13854.49042,51,0.878612717
316,42,925,563,13854.49042,48,0.87751938
244,92,766,1868,9454.241349,16,0.875319366
176,94,710,791,12753.44077,16,0.897971014
176,94,710,791,12753.44077,16,0.897971014
204,104,769,955,10053.93561,16,0.874692875
230,139,640,2023,10053.93561,15,0.865023474
310,94,878,12374,22107.5451,28,0.865858936
92,114,397,2380,14361.50336,12,0.896512936
91,105,363,1282,14361.50336,11,0.888888889
108,101,361,1511,14361.50336,16,0.87755102
283,99,859,8325,10456.62387,26,0.872808989
285,98,852,757,10456.62387,28,0.871852518
285,93,850,645,10456.62387,29,0.871852518
218,113,687,1373,10456.62387,21,0.876905703
228,116,716,1960,9397.051812,21,0.875409836
290,105,859,1511,9397.051812,25,0.870246085
282,99,834,5589,9397.051812,26,0.871701547
243,117,717,1816,9397.051812,23,0.871224165
242,96,725,2453,12294.54395,21,0.879
68,56,327,1059,12247.28031,9,0.908355795
65,59,284,1378,12247.28031,9,0.90327381
60,56,320,1033,12247.28031,8,0.916550765
48,62,357,1234,12247.28031,11,0.940520446
231,95,676,747,20821.24615,19,0.868376068
163,77,679,1807,13865.29669,6,0.88569425
165,89,570,466,9401.494158,17,0.872291022
78,40,328,2275,25473.53184,7,0.905797101
35,33,141,1446,25473.53184,0,0.904632153
28,29,99,1898,25473.53184,7,0.898181818
113,53,840,2436,14473.70103,21,0.940432261
101,58,755,2118,14473.70103,17,0.939701493
101,58,759,1214,14473.70103,18,0.939988116
93,40,544,788,9558.739677,5,0.92835131
93,40,544,719,9558.739677,5,0.92835131
101,53,710,1697,9558.739677,18,0.93937575
110,57,777,1340,9558.739677,21,0.939759036
167,110,480,1961,21621.5139,16,0.862889984
171,77,507,436,21621.5139,17,0.871621622
140,84,382,494,20984.2943,14,0.869402985
144,92,426,1754,20984.2943,16,0.878069433
125,55,492,2332,63564.3509,9,0.903250774
46,33,209,3749,63564.3509,9,0.927099842
70,40,268,1129,63564.3509,13,0.910485934
96,46,373,2224,63564.3509,9,0.902240326
96,46,373,893,63564.3509,9,0.902240326
73,63,495,1108,35491.54168,33,0.934529148
38,67,257,705,35491.54168,14,0.927480916
46,72,300,1018,35491.54168,26,0.926634769
196,115,925,997,13403.46526,15,0.908024402
196,115,925,2938,13403.46526,15,0.908024402
196,115,925,2517,13403.46526,15,0.908024402
105,96,663,1202,20746.05601,14,0.921933086
86,74,492,1085,24563.25841,10,0.917466411
84,73,488,1311,24563.25841,10,0.919075145
107,129,656,630,22681.831,15,0.927062031
109,167,701,834,17514.59433,13,0.926101695
102,149,628,1681,8920.939141,13,0.922960725
44,94,362,1069,11866.66398,1,0.934328358
70,129,438,1565,11866.66398,4,0.916267943
65,56,415,3386,21111.77682,6,0.934343434
83,73,500,2189,21111.77682,9,0.93207856
92,72,555,250,21111.77682,8,0.931343284
51,56,290,1630,21111.77682,5,0.922960725
82,69,511,1482,21111.77682,8,0.933441558
62,63,365,1482,22998.26623,6,0.924390244
131,83,762,1676,20560.19923,6,0.924755887
128,79,761,3128,20560.19923,6,0.92639448
82,46,501,513,20560.19923,4,0.926391382
100,54,568,1106,20560.19923,4,0.923195084
119,79,739,524,19674.05146,14,0.916491228
97,59,593,776,19674.05146,10,0.92634776
88,52,570,609,19674.05146,13,0.915303176
57,46,420,834,19674.05146,9,0.925587467
195,87,914,1534,28878.15314,16,0.909512761
124,120,805,626,28878.15314,17,0.927654609
206,91,803,959,28878.15314,18,0.895271988
195,87,914,1544,28878.15314,16,0.909512761
69,167,419,959,18036.51486,6,0.913857678
44,75,260,1157,26677.27886,21,0.91634981
160,66,485,1020,40993.88901,19,0.887085392
148,61,467,2999,40993.88901,17,0.889716841
156,65,521,1969,40993.88901,18,0.893369788
150,65,536,14354,40993.88901,14,0.896765313
105,62,279,1784,40993.88901,13,0.872572816
148,64,537,1363,40993.88901,14,0.899388171
150,66,541,933,40993.88901,14,0.89747095
150,66,541,834,40993.88901,14,0.89747095
150,66,541,1048,40993.88901,14,0.89747095
110,62,386,2552,19677.17733,12,0.888888889
99,61,314,858,19677.17733,12,0.882701422
79,63,308,1034,19677.17733,12,0.906619385
82,62,323,953,19677.17733,13,0.903073286
80,94,291,1400,14380.88502,12,0.903846154
83,94,304,1433,14380.88502,13,0.906320542
83,93,301,1003,14380.88502,13,0.906531532
86,94,310,4580,14380.88502,13,0.904338154
84,92,295,4347,14380.88502,13,0.904109589
83,92,304,1577,14380.88502,13,0.904487917
90,87,327,1529,14380.88502,13,0.903017241
72,96,241,2952,16595.98649,11,0.894117647
78,96,274,1262,16595.98649,13,0.90747331
74,72,271,9821,14703.70065,8,0.889716841
57,60,182,2006,22650.40269,8,0.893656716
125,47,279,2793,15798.86142,18,0.855824683
104,52,255,2215,23158.27997,16,0.866837388
44,53,124,2057,19795.33566,7,0.88688946
46,37,150,487,31098.29863,4,0.90212766
67,38,216,1609,31098.29863,8,0.901033973
46,37,150,430,31098.29863,4,0.90212766
46,37,150,2208,31098.29863,4,0.90212766
67,38,216,1012,31098.29863,8,0.901033973
44,40,137,522,31098.29863,4,0.895238095
94,61,257,1628,31098.29863,11,0.883663366
46,37,150,470,31098.29863,4,0.90212766
4,18,30,1655,33973.95061,5,0.945945946
14,35,56,860,33973.95061,6,0.897810219
114,67,310,1361,23722.84324,12,0.877813505
111,64,288,823,23722.84324,13,0.873720137
111,65,296,1139,23722.84324,13,0.875280899
77,28,260,1645,19131.085,5,0.901028278
72,29,234,1119,19131.085,6,0.898591549
72,21,228,846,19131.085,4,0.895500726
107,59,298,471,19131.085,12,0.88629118
67,23,206,846,19131.085,3,0.893987342
88,46,266,2057,19131.085,8,0.892156863
116,60,343,1044,19131.085,11,0.891588785
107,66,297,899,19131.085,13,0.885683761
144,56,486,1377,23329.60797,14,0.904
106,53,437,1244,23329.60797,10,0.919452888
158,63,515,336,23329.60797,18,0.902948403
67,26,278,602,23329.60797,7,0.916873449
144,56,486,1141,23329.60797,14,0.904
62,27,206,1218,23329.60797,5,0.896666667
80,33,279,1003,23329.60797,7,0.900990099
55,29,198,508,23329.60797,4,0.905008636
114,50,600,880,28056.87549,6,0.927848101
114,52,572,203,28056.87549,10,0.924901186
118,66,539,1340,28056.87549,10,0.922419461
92,41,421,1426,28056.87549,9,0.923966942
90,42,406,981,28056.87549,9,0.923986486
104,42,515,1161,28056.87549,7,0.924909747
149,67,691,2138,20116.34637,13,0.89295977
123,79,623,1588,16432.31839,5,0.900966184
130,66,618,324,17915.96462,6,0.894822006
149,75,667,1570,19023.37135,14,0.889383816
152,66,663,2144,19023.37135,14,0.888970051
113,81,641,1212,43038.28137,15,0.921089385
129,95,728,642,43038.28137,14,0.919223544
108,67,551,976,30713.91024,16,0.897044805
160,94,959,1312,30713.91024,13,0.911553344
108,67,545,3169,30713.91024,16,0.895450145
197,74,999,1115,30713.91024,14,0.897395833
118,53,805,554,19726.04428,15,0.921750663
145,80,966,7545,19726.04428,14,0.920460779
135,59,985,1061,33995.93147,16,0.927341227
132,81,838,906,33995.93147,12,0.922123894
56,52,341,837,12803.05292,3,0.918958032
106,80,561,1024,21634.83018,16,0.899526066
129,77,752,1252,21634.83018,14,0.905976676
137,76,612,634,18428.03924,7,0.897531788
132,59,529,1606,15599.1856,5,0.880650995
124,72,500,311,15599.1856,5,0.884220355
190,83,734,516,10442.05896,7,0.881398252
170,82,663,1933,10442.05896,7,0.884432359
178,53,647,1183,17751.98874,6,0.872492837
157,66,627,774,17751.98874,5,0.88540146
157,51,604,495,17751.98874,5,0.879693487
218,97,754,873,27016.92851,11,0.869304556
145,84,569,748,23667.05304,8,0.87670068
116,83,482,914,23667.05304,5,0.88053553
132,79,505,616,23521.13493,6,0.875354108
133,83,506,1495,23521.13493,6,0.875
140,86,530,861,23521.13493,6,0.871559633
138,82,520,936,23521.13493,6,0.871028037
130,80,493,489,23521.13493,6,0.873170732
162,98,670,2370,17713.32909,7,0.88663401
159,101,622,1423,17713.32909,7,0.878533231
142,61,515,1076,10572.78467,5,0.866541353
169,80,636,1752,10572.78467,8,0.874068554
220,86,738,793,10572.78467,9,0.866017052
103,81,326,1604,32918.18862,11,0.859481583
125,91,449,775,32918.18862,15,0.87006237
8,47,28,983,32918.18862,2,0.84
120,91,419,1490,32918.18862,13,0.867549669
61,78,196,778,15909.35032,13,0.856132075
41,55,119,1092,15909.35032,5,0.83127572
198,89,755,1190,24959.37612,10,0.886075949
179,71,602,697,18553.493,5,0.864599092
197,83,770,852,18553.493,6,0.882458234
224,85,826,681,18553.493,7,0.879310345
178,85,663,793,38398.03374,10,0.874736101
92,118,406,2122,11278.10094,13,0.881899872
88,133,340,454,11432.94307,14,0.87657784
102,130,420,1932,13067.23319,9,0.878426698
69,111,280,2234,17723.4327,8,0.887254902
38,76,117,504,14397.35925,4,0.850980392
44,90,137,643,16170.0943,5,0.844522968
107,113,392,1897,31444.23906,5,0.862290862
145,118,686,4189,19015.55315,11,0.896206156
143,122,674,1749,19015.55315,11,0.897711016
134,114,633,1229,22831.5909,13,0.90275762
67,71,310,1119,22831.5909,9,0.898944193
69,120,399,1300,22831.5909,8,0.9004329
69,128,420,569,18657.88758,7,0.905479452
86,127,459,1277,11181.31156,6,0.89276808
59,123,258,341,6622.388197,5,0.869469027
86,87,371,662,34226.22895,11,0.894218942
68,71,410,3111,25308.72175,5,0.913705584
64,51,455,792,25308.72175,7,0.926096998
136,102,617,859,25308.72175,8,0.898431665
174,111,868,1566,17671.14532,14,0.906047516
114,105,495,869,17671.14532,8,0.879109226
83,125,323,1798,11347.81163,5,0.863934426
56,126,183,1479,11347.81163,9,0.853785901
50,129,168,1136,13104.75787,6,0.839228296
52,129,181,560,13104.75787,6,0.847058824
50,127,165,626,13104.75787,6,0.839228296
153,118,679,506,17429.82211,15,0.894628099
144,111,600,902,21000.83161,6,0.87755102
154,113,643,1037,21000.83161,6,0.879025923
216,121,905,1406,23076.62305,11,0.889570552
136,108,471,875,34991.12653,7,0.862348178
165,110,716,875,25681.43861,11,0.889261745
160,108,589,656,25681.43861,8,0.868959869
168,104,721,469,25681.43861,7,0.886409736
151,98,570,937,19119.18042,6,0.868695652
149,100,567,957,19119.18042,6,0.869868996
121,114,450,427,19119.18042,6,0.860759494
153,93,586,2530,19119.18042,7,0.870229008
142,89,527,1559,19119.18042,5,0.863066538
161,100,674,625,19119.18042,8,0.882653061
169,88,657,2624,19119.18042,8,0.876190476
122,100,477,752,26011.7297,7,0.872916667
132,103,686,676,16588.93994,19,0.903438186
124,94,543,1475,16588.93994,18,0.889777778
75,103,308,738,12508.72012,14,0.875827815
112,93,685,622,24802.59456,12,0.910614525
124,94,632,759,17424.02814,18,0.900561347
66,82,361,877,21363.76051,10,0.913272011
64,78,366,584,21363.76051,9,0.917098446
64,78,366,1803,21363.76051,9,0.917098446
123,92,582,1158,25801.91421,16,0.893043478
119,92,518,952,25801.91421,15,0.886558627
71,111,297,760,9459.775182,6,0.87366548
95,83,465,1034,26965.18256,16,0.901452282
105,88,589,1127,26965.18256,18,0.910941476
110,91,540,1260,19830.94336,15,0.901873327
110,91,540,822,19830.94336,15,0.901873327
106,89,536,964,19830.94336,15,0.90544157
110,91,540,822,19830.94336,15,0.901873327
87,92,455,989,19830.94336,14,0.909185804
40,74,206,1974,18280.3043,3,0.905660377
32,44,139,846,18280.3043,2,0.895765472
101,105,651,511,18323.99703,9,0.916735367
91,129,361,778,21161.56927,6,0.866372981
52,97,171,1176,21161.56927,4,0.849710983
89,133,363,641,21161.56927,7,0.86892489
53,86,152,935,17177.67758,5,0.833333333
43,101,153,1587,17177.67758,4,0.849122807
135,110,543,353,21882.43152,7,0.886744966
156,117,583,349,40842.28185,7,0.871180842
138,115,499,1647,40842.28185,8,0.869565217
119,99,440,1162,40842.28185,5,0.873269436
159,114,587,575,40842.28185,8,0.870521173
72,100,241,2763,23473.54378,12,0.850931677
77,100,242,823,23473.54378,14,0.846613546
97,107,347,2463,23473.54378,11,0.869798658
91,106,295,823,23473.54378,12,0.8544
103,89,294,617,23473.54378,13,0.814748201
72,100,230,704,14789.86016,15,0.851546392
72,100,230,503,14789.86016,15,0.851546392
87,98,255,617,14789.86016,13,0.836158192
75,97,234,761,14789.86016,13,0.844720497
87,98,255,309,14789.86016,13,0.836158192
71,52,193,145,20558.81827,4,0.802777778
67,48,183,1751,20558.81827,5,0.808571429
121,69,376,3552,23678.72266,6,0.834924966
236,94,875,373,23678.72266,15,0.867117117
200,86,723,3083,15255.92453,12,0.859550562
187,88,705,2821,15255.92453,12,0.864296081
212,88,776,524,15255.92453,12,0.862516213
75,96,520,2675,34583.80004,6,0.921135647
261,105,983,999,32208.65205,19,0.869955157
265,108,997,1539,32208.65205,18,0.870415648
257,105,964,1228,32208.65205,20,0.868810618
172,84,651,1189,17767.94461,10,0.862289832
162,78,645,789,17767.94461,9,0.86797066
162,78,645,516,17767.94461,9,0.86797066
97,106,281,671,15324.43426,13,0.829225352
88,91,498,4959,15324.43426,11,0.906680806
69,75,299,1063,17208.28579,6,0.883248731
196,112,705,1439,13899.34926,18,0.860894251
76,44,332,392,18611.15588,3,0.87955626
177,95,740,6742,47945.47016,18,0.882548109
153,92,619,469,47945.47016,15,0.882488479
148,90,559,580,47945.47016,18,0.876254181
260,102,990,773,47945.47016,20,0.871095687
148,90,559,580,47945.47016,18,0.876254181
186,96,747,798,47945.47016,18,0.876821192
260,102,993,1998,47945.47016,20,0.871604938
153,98,643,838,47945.47016,15,0.886075949
94,85,255,1122,32168.18916,13,0.827522936
122,102,352,5126,32168.18916,12,0.828651685
172,114,674,1344,41420.82633,9,0.877318117
117,105,439,1220,41420.82633,9,0.872687704
169,122,650,959,41420.82633,8,0.875552283
94,105,333,905,41420.82633,11,0.865905849
174,107,660,642,41420.82633,9,0.874368231
129,109,497,1230,41420.82633,8,0.877492877
163,118,603,767,41420.82633,7,0.870015949
199,107,1096,446,31725.04397,18,0.903115871
208,108,1135,793,31725.04397,14,0.901979265
201,108,1086,1427,31725.04397,18,0.901518863
105,68,342,1101,27511.30988,6,0.83490566
98,64,321,551,27511.30988,6,0.834179357
160,82,643,932,21602.06247,4,0.867549669
86,67,330,496,21602.06247,2,0.855218855
247,112,1276,621,39161.33257,15,0.89814433
66,53,330,1403,21672.20931,8,0.886597938
71,67,334,800,21672.20931,9,0.881666667
138,78,740,3389,21672.20931,13,0.901287554
170,102,965,103,21672.20931,14,0.905555556
121,102,608,1941,21740.24438,7,0.894138233
129,97,632,589,21740.24438,6,0.890955199
122,97,616,666,21740.24438,7,0.894645941
151,106,846,243,11706.96044,7,0.903080873
80,63,434,873,11706.96044,9,0.899117276
118,80,608,953,13732.39908,10,0.897835498
34,52,146,2092,60829.6861,7,0.896341463
37,60,152,1854,60829.6861,9,0.891812865
36,66,169,2297,60829.6861,9,0.90296496
21,39,89,2032,60829.6861,7,0.884615385
34,52,146,1848,60829.6861,7,0.896341463
34,35,141,2051,60829.6861,6,0.894080997
38,38,149,2075,60829.6861,6,0.884146341
34,52,146,2328,60829.6861,7,0.896341463
33,54,145,248,60829.6861,7,0.899390244
170,125,852,668,23417.87961,6,0.894606324
159,130,915,1465,23417.87961,9,0.907180385
158,118,943,1102,23417.87961,10,0.908986175
204,115,1016,1098,39979.50338,13,0.893860562
242,123,1267,1799,39979.50338,16,0.898829431
220,118,1023,868,39979.50338,8,0.88688946
22,76,89,940,15454.65234,9,0.892156863
126,129,425,1555,15454.65234,22,0.88869258
86,126,264,353,15454.65234,21,0.884408602
126,88,423,1112,20961.26048,8,0.855338691
111,70,380,3353,20961.26048,9,0.860902256
123,74,411,843,20961.26048,8,0.85495283
118,77,397,1118,20961.26048,9,0.858513189
108,56,377,1154,20961.26048,10,0.862068966
106,48,372,1153,20961.26048,8,0.862694301
123,98,458,774,22599.954,7,0.861952862
126,105,452,888,22599.954,8,0.860773481
126,105,452,1531,22599.954,8,0.860773481
119,91,534,2461,7156.31802,4,0.878818737
119,91,534,2849,7156.31802,4,0.878818737
152,99,653,3385,7156.31802,4,0.880877743
119,91,534,2870,7156.31802,4,0.878818737
120,111,510,1783,17611.706,7,0.876670092
140,107,638,1201,17611.706,4,0.88372093
81,91,366,612,13650.7702,7,0.88718663
156,113,815,1325,32931.6198,9,0.897165458
199,135,567,1744,44978.79125,23,0.871530019
189,136,538,2882,44978.79125,21,0.872037915
226,146,658,208,44978.79125,28,0.880738786
197,137,569,2075,44978.79125,22,0.872903226
102,82,382,1283,44978.79125,9,0.856540084
189,139,559,837,44978.79125,23,0.877985797
287,130,1876,2558,64012.98508,33,0.92080574
108,102,510,2281,34418.83947,9,0.889570552
96,87,475,943,34418.83947,10,0.897545358
245,107,1006,1296,32364.83017,16,0.879429134
213,94,849,1233,32364.83017,12,0.878146453
237,102,988,982,32364.83017,16,0.881381381
216,106,999,1060,32364.83017,18,0.879262158
242,111,988,714,32364.83017,19,0.880552813
227,104,936,2693,32364.83017,15,0.882505176
191,76,807,1494,32364.83017,7,0.885147324
295,105,1398,1628,23689.09175,27,0.883399209
283,107,1345,349,23689.09175,31,0.883825944
283,107,1345,306,23689.09175,31,0.883825944
315,147,1519,3019,23689.09175,36,0.885078439
290,114,1368,1235,23689.09175,30,0.883158743
280,96,1288,857,23689.09175,30,0.880085653
288,103,1338,1761,23689.09175,30,0.881870386
280,96,1289,907,23689.09175,30,0.879982855
317,143,1740,1360,16952.0564,32,0.89971528
123,68,564,874,16952.0564,6,0.887362637
176,87,1038,1499,16952.0564,5,0.900396152
131,61,700,2155,26465.70576,4,0.903249631
163,55,907,1296,26465.70576,8,0.907438955
157,54,858,648,26465.70576,8,0.906436234
147,68,755,1413,26465.70576,6,0.900203666
133,72,730,1539,19314.25885,6,0.906732118
113,94,664,723,18817.68998,3,0.912130638
107,88,462,1457,33645.9877,7,0.875436554
107,88,462,1334,33645.9877,7,0.875436554
98,91,439,641,33645.9877,5,0.88004896
98,74,471,626,33645.9877,8,0.895522388
96,74,472,624,33645.9877,8,0.898734177
98,82,663,984,52514.0342,7,0.917922948
103,82,674,2047,52514.0342,8,0.915918367
94,79,625,771,52514.0342,7,0.91651865
83,82,530,3069,52514.0342,6,0.911229947
43,61,269,1044,52514.0342,4,0.903587444
93,82,664,814,52514.0342,8,0.920783646
111,76,684,1157,52514.0342,9,0.910266774
94,90,638,5680,52514.0342,8,0.916666667
104,84,685,2917,52514.0342,9,0.915652879
55,71,369,1679,52514.0342,5,0.913522013
97,83,658,2303,52514.0342,7,0.917164816
36,63,178,1116,52514.0342,4,0.886792453
95,86,614,1657,52514.0342,8,0.913714805
34,55,157,2706,52514.0342,3,0.877697842
43,61,269,1106,52514.0342,4,0.903587444
215,139,893,1645,17389.64383,22,0.88459474
216,138,880,1348,17389.64383,20,0.885471898
224,137,901,542,17389.64383,20,0.884117951
214,131,890,2489,17389.64383,18,0.887781856
210,127,885,1672,17389.64383,16,0.889994762
346,152,1963,3518,25660.57992,37,0.90362117
390,152,2593,1495,25660.57992,38,0.91794656
349,145,2551,1840,25660.57992,23,0.923414527
391,153,2775,2220,25660.57992,31,0.922297297
219,57,1683,892,25660.57992,9,0.925963489
394,151,2578,1446,25660.57992,38,0.916348195
183,43,1403,1666,25660.57992,5,0.923558897
169,97,597,1107,37557.40959,21,0.87109077
209,114,660,1125,37557.40959,9,0.863843648
208,97,776,1088,26523.12241,9,0.845811712
198,98,660,848,26523.12241,8,0.842105263
202,85,796,1555,26523.12241,18,0.848802395
202,85,796,777,26523.12241,18,0.848802395
207,90,785,2313,26523.12241,12,0.847457627
219,103,856,1617,26523.12241,16,0.849587912
159,72,831,984,54430.05005,20,0.898532227
179,78,872,1074,54430.05005,18,0.891515152
151,71,797,800,54430.05005,19,0.898725687
69,63,353,1026,19790.66068,6,0.898678414
110,65,540,1100,19790.66068,7,0.894837476
100,57,533,733,16583.60086,10,0.904852521
123,73,559,953,16804.03666,10,0.880929332
114,61,519,1748,16804.03666,11,0.880252101
177,67,875,1100,16804.03666,19,0.891076923
139,66,751,541,13340.90472,7,0.9125236
113,68,689,1018,13340.90472,8,0.915482423
126,67,690,755,13340.90472,7,0.914051842
132,59,761,800,10160.0401,6,0.91522158
102,85,581,1240,4120.47823,6,0.903591682
90,80,423,752,4120.47823,4,0.882506527
109,79,555,483,4120.47823,4,0.892185955
103,77,569,661,4120.47823,5,0.903828198
71,61,379,893,15513.83069,4,0.901798064
73,63,468,1250,15513.83069,4,0.918617614
77,70,448,839,15513.83069,4,0.906892382
72,67,441,672,15513.83069,4,0.912938331
139,81,729,1871,18042.05803,14,0.894135567
137,79,705,605,18042.05803,13,0.89187056
162,95,785,834,18042.05803,14,0.889344262
140,69,709,892,18042.05803,15,0.889937107
130,73,651,1210,12830.53078,16,0.89379085
133,72,657,2249,12830.53078,17,0.892220421
140,70,717,2348,12830.53078,17,0.895600298
120,73,533,886,12830.53078,9,0.886792453
122,72,544,1069,12830.53078,9,0.886932345
138,76,582,953,12830.53078,8,0.880519481
37,55,190,2427,37988.80625,2,0.87987013
147,57,817,737,37988.80625,9,0.908296943
118,81,608,1220,37988.80625,7,0.890942699
118,81,608,1219,37988.80625,7,0.890942699
51,80,258,1237,37988.80625,3,0.884353741
118,81,608,1063,37988.80625,7,0.890942699
52,83,262,1878,37988.80625,3,0.885714286
162,77,910,694,17427.77924,24,0.905041032
156,90,747,1269,17427.77924,13,0.888571429
83,58,346,725,17427.77924,8,0.871715611
101,88,487,1963,17427.77924,9,0.883774453
81,81,307,1094,20349.01489,6,0.866336634
108,88,497,1286,20349.01489,10,0.875144509
93,83,316,520,20349.01489,7,0.852146264
100,90,473,1187,20349.01489,11,0.880095923
68,41,229,1345,36488.39097,15,0.834146341
69,43,242,1229,36488.39097,17,0.842465753
173,86,970,1781,30970.59425,16,0.904788112
181,76,957,1985,30970.59425,18,0.89882616
145,105,810,975,30970.59425,11,0.908169728
63,54,362,1023,29256.84287,8,0.916111851
82,64,462,621,29256.84287,13,0.913043478
94,105,570,1104,21563.97656,14,0.92192691
104,104,637,1450,21563.97656,15,0.922272048
94,107,515,1370,42257.62962,17,0.911404336
91,113,515,1037,42257.62962,12,0.913825758
92,104,532,1675,42257.62962,15,0.9164396
89,72,556,758,24634.25263,15,0.926018288
94,69,477,774,19520.16563,15,0.901260504
92,65,460,1885,19520.16563,15,0.899782135
93,68,698,1121,19040.65528,12,0.933523946
93,69,680,4763,19040.65528,13,0.932997118
102,70,717,2007,19040.65528,13,0.930041152
88,68,633,1083,19040.65528,13,0.933181473
108,63,653,570,35286.78995,15,0.926430518
74,79,550,1966,35286.78995,10,0.944652206
75,75,566,1712,35286.78995,10,0.944690265
51,72,454,1489,35286.78995,7,0.956816257
97,74,507,1507,35286.78995,17,0.9086629
92,80,656,2046,35286.78995,11,0.938337802
93,77,669,1865,35286.78995,11,0.938976378
86,82,617,1791,35286.78995,12,0.938877043
94,72,691,1764,35286.78995,12,0.94035533
59,76,488,1926,35286.78995,7,0.952610442
93,83,662,1099,35286.78995,12,0.938082557
92,78,691,2083,35286.78995,11,0.941326531
42,63,293,1247,35041.84366,2,0.936459909
40,84,326,1746,35041.84366,3,0.947780679
40,77,310,2036,35041.84366,1,0.949874687
65,90,443,1848,30733.40349,4,0.935707221
34,71,270,7987,30733.40349,0,0.949778434
46,77,298,1811,30733.40349,1,0.936022253
43,78,280,1542,30733.40349,1,0.935532234
39,76,279,1495,30733.40349,0,0.942815249
37,72,288,1720,30733.40349,0,0.949728261
37,72,288,1545,30733.40349,0,0.949728261
55,86,388,776,30733.40349,4,0.937853107
43,72,307,1794,30733.40349,0,0.947496947
55,78,375,1044,30733.40349,4,0.935822637
84,91,533,1660,30733.40349,4,0.931928687
47,76,293,3954,30733.40349,1,0.932664756
103,84,587,337,27407.09329,10,0.917534027
116,78,670,1247,44660.5002,6,0.920055134
138,94,782,656,44660.5002,10,0.91810089
91,81,646,2374,32537.41686,14,0.938430311
93,80,663,676,32537.41686,14,0.93893631
123,95,892,715,32537.41686,23,0.935365213
101,85,750,1147,32537.41686,19,0.939339339
97,86,687,1014,32537.41686,16,0.938334393
112,83,469,686,33390.6679,8,0.89178744
152,57,626,601,15474.29086,10,0.866197183
152,57,626,599,15474.29086,10,0.866197183
63,59,393,583,15474.29086,6,0.920454545
242,123,1574,722,48294.13887,26,0.926376635
242,123,1574,696,48294.13887,26,0.926376635
244,122,1522,2729,48294.13887,18,0.917119565
242,123,1574,1544,48294.13887,26,0.926376635
219,100,1166,888,18022.5886,23,0.910830619
215,101,1276,1575,18022.5886,20,0.917592947
224,98,1170,1550,18022.5886,23,0.908906059
215,96,1268,1029,18022.5886,21,0.917148362
133,93,668,1012,34152.22118,18,0.901917404
141,111,652,710,34152.22118,16,0.901605024
146,101,705,307,34152.22118,18,0.904575163
146,101,705,307,34152.22118,18,0.904575163
149,101,517,211,21773.75122,9,0.848423194
149,67,599,1212,21773.75122,6,0.861395349
149,66,597,1073,21773.75122,6,0.860486891
144,91,624,643,21773.75122,9,0.867889908
137,63,549,1372,21773.75122,7,0.858762887
138,64,566,282,21773.75122,7,0.862
138,64,566,224,21773.75122,7,0.862
138,64,566,224,21773.75122,7,0.862
138,64,566,282,21773.75122,7,0.862
146,93,626,1210,21773.75122,9,0.865685373
146,93,626,628,21773.75122,9,0.865685373
80,84,347,613,14704.12308,7,0.870967742
47,31,198,786,15749.29261,1,0.870523416
70,40,290,1260,15749.29261,3,0.868421053
31,30,163,704,15749.29261,1,0.889679715
90,71,413,813,14314.37103,6,0.883870968
45,65,131,868,20804.24647,3,0.811715481
43,61,115,696,20804.24647,3,0.792270531
172,93,927,3398,34851.63155,23,0.90712743
149,90,763,1029,34851.63155,20,0.901455026
117,101,530,280,27915.81412,7,0.881578947
103,102,486,844,27915.81412,8,0.888768898
145,104,678,542,27915.81412,9,0.886541471
95,99,431,1939,27915.81412,7,0.883863081
135,117,614,704,27915.81412,12,0.883015598
135,109,627,584,27915.81412,9,0.884318766
93,70,366,820,47422.94108,6,0.863836018
65,55,234,468,47422.94108,1,0.842995169
144,88,615,867,47422.94108,7,0.875108413
65,85,205,720,47422.94108,3,0.823848238
104,70,414,731,47422.94108,6,0.866666667
80,66,334,1143,47422.94108,3,0.870759289
27,39,96,1628,47422.94108,1,0.845714286
84,73,344,1316,47422.94108,3,0.867298578
21,35,78,869,47422.94108,0,0.842105263
99,68,402,702,47422.94108,6,0.869565217
3,28,14,1272,47422.94108,0,0.9375
4,28,14,1090,47422.94108,0,0.918367347
3,23,12,1356,47422.94108,0,0.934782609
80,62,523,1666,72929.04225,3,0.923076923
89,61,585,2632,72929.04225,5,0.926385443
147,92,805,1093,34321.39937,10,0.900809717
157,91,856,1539,34321.39937,10,0.903205919
62,59,353,2060,34321.39937,2,0.909489051
86,57,507,380,34321.39937,6,0.910229645
63,62,360,1568,34321.39937,2,0.910511364
86,57,507,1011,34321.39937,6,0.910229645
26,32,178,1033,34321.39937,4,0.919254658
145,86,707,1334,12627.52288,12,0.890730972
224,115,1148,992,20675.0014,13,0.898412698
144,93,727,818,27908.211,9,0.892457058
148,93,738,576,27908.211,10,0.890613452
9,10,76,930,10163.56076,0,0.93129771
82,69,322,1217,10936.29824,5,0.850364964
108,49,420,1698,118938.5837,13,0.905511811
163,83,648,5749,118938.5837,14,0.901212121
155,58,600,2149,118938.5837,8,0.890459364
198,65,776,2662,118938.5837,13,0.898565574
108,49,420,2626,118938.5837,13,0.905511811
158,67,628,1296,118938.5837,12,0.901557632
112,49,434,1093,118938.5837,13,0.905485232
185,83,703,1798,118938.5837,12,0.894646925
131,52,537,3516,118938.5837,11,0.907355021
186,76,692,2431,118938.5837,13,0.893653516
168,71,652,1281,118938.5837,12,0.898428053
188,64,760,2138,118938.5837,13,0.904228222
37,35,114,607,118938.5837,11,0.877483444
153,74,601,829,118938.5837,14,0.901860167
209,112,736,1290,26371.33594,17,0.879608295
99,78,354,841,36724.34332,12,0.884615385
184,108,651,1290,36724.34332,14,0.884494664
175,103,602,1435,36724.34332,16,0.882550336
134,84,463,2072,36724.34332,14,0.884879725
97,74,343,1915,29842.30973,13,0.884386174
52,51,215,1674,29842.30973,4,0.891440501
91,70,333,668,29842.30973,10,0.888343558
100,76,354,1493,29842.30973,12,0.883449883
193,125,605,1001,11445.25174,8,0.844229217
193,125,605,539,11445.25174,8,0.844229217
187,118,556,1431,7103.431285,9,0.83753258
161,126,587,899,10721.63956,8,0.865721435
144,94,471,270,19114.97627,8,0.848580442
159,96,560,1292,19114.97627,9,0.852913969
133,115,458,1348,19114.97627,8,0.861458333
159,96,560,1282,19114.97627,9,0.852913969
159,96,560,1079,19114.97627,9,0.852913969
145,100,559,883,19114.97627,8,0.863336475
176,125,606,2897,19114.97627,9,0.858974359
153,94,575,2457,19114.97627,8,0.861788618
176,125,606,1903,19114.97627,9,0.858974359
161,104,757,1989,17555.13785,10,0.892018779
220,108,1182,3736,18843.2556,18,0.908141962
187,108,992,1592,24944.83827,16,0.910311751
216,85,903,655,19006.12565,16,0.888544892
200,85,860,1590,19006.12565,14,0.891067538
96,75,347,782,60114.13685,13,0.887191539
234,110,993,1575,12993.74105,18,0.892512632
178,112,729,1201,12993.74105,11,0.888888889
224,85,757,1448,42649.78768,13,0.875486381
293,104,1184,1485,42649.78768,20,0.890671642
202,91,698,873,42649.78768,7,0.878605769
292,96,1147,1249,42649.78768,22,0.887735486
169,92,654,3856,42649.78768,10,0.885034014
247,92,846,1577,42649.78768,13,0.877662209
189,93,677,1003,42649.78768,7,0.879310345
160,76,610,1371,42649.78768,6,0.877112135
165,91,641,4504,42649.78768,10,0.885496183
163,99,655,1223,42649.78768,12,0.890456989
153,118,457,12080,18178.5695,11,0.838947368
75,93,252,1525,39876.45671,7,0.857142857
78,95,265,1318,39876.45671,7,0.861946903
84,113,287,858,39876.45671,8,0.858823529
101,111,315,991,39876.45671,8,0.845565749
169,119,519,1337,22178.29836,13,0.846363636
171,128,493,1577,22178.29836,13,0.831527094
175,135,527,1090,22178.29836,12,0.844995571
143,134,420,991,22178.29836,13,0.841463415
110,120,373,660,16017.52461,8,0.859872611
104,124,338,693,17973.59103,7,0.855955679
122,130,362,1385,17973.59103,11,0.837549933
213,72,835,1050,25603.0493,19,0.88830624
118,81,489,1358,19067.69557,14,0.881287726
105,85,425,781,10332.55119,13,0.882286996
117,124,319,1288,38359.04293,7,0.818885449
128,108,483,944,38359.04293,12,0.873891626
127,114,439,236,38359.04293,7,0.861050328
137,110,478,2097,25758.71148,7,0.859487179
150,116,551,925,25758.71148,10,0.867256637
84,82,221,385,31295.34849,4,0.833333333
121,96,320,2354,31295.34849,6,0.83264177
83,82,220,2001,31295.34849,4,0.83266129
87,92,234,2726,31295.34849,5,0.833969466
91,100,242,1363,31295.34849,6,0.832103321
87,74,379,841,8323.291815,9,0.869369369
151,99,690,1644,20626.42224,16,0.879968203
151,92,683,560,20626.42224,17,0.881846635
134,89,624,972,20626.42224,14,0.883275261
212,83,921,878,20626.42224,14,0.88248337
214,70,818,1665,23937.25458,11,0.872391175
113,64,427,1712,23937.25458,4,0.878363832
222,120,947,959,15225.36949,14,0.874788494
89,44,288,1130,22467.27921,2,0.851666667
104,56,371,923,22467.27921,3,0.865806452
103,57,377,1301,22467.27921,3,0.868956743
123,55,430,1017,22467.27921,4,0.862416107
143,45,511,283,23078.81627,9,0.879730866
351,96,1273,1745,21672.99278,14,0.861538462
284,84,960,884,14743.22995,11,0.849176845
354,81,1237,840,14743.22995,14,0.855273917
367,89,1267,2569,14743.22995,14,0.852551225
366,85,1261,1062,14743.22995,14,0.852775543
332,86,1162,778,14743.22995,11,0.855211513
286,85,972,404,14743.22995,11,0.849394418
279,81,937,1244,14743.22995,12,0.851041111
326,79,1127,809,14743.22995,11,0.854658939
360,86,1264,2932,14743.22995,14,0.856172593
346,83,1232,715,14743.22995,14,0.857730263
353,84,1232,1540,14743.22995,13,0.854911632
315,78,1109,924,14743.22995,11,0.85707804
307,83,1150,700,14042.38559,8,0.864279399
229,58,753,1099,33820.49488,6,0.82095387
210,50,673,778,33820.49488,5,0.813664596
229,58,753,1025,33820.49488,6,0.82095387
225,55,721,603,33820.49488,5,0.814662273
217,51,686,715,33820.49488,5,0.811468288
210,47,674,565,33820.49488,5,0.813664596
229,58,753,1093,33820.49488,6,0.82095387
262,103,1075,2237,26697.50493,14,0.872319688
163,116,673,1170,26697.50493,9,0.873250389
116,116,493,339,20008.34877,11,0.874458874
173,117,778,586,20008.34877,13,0.879526462
235,85,966,326,36338.43718,14,0.874264312
249,85,1013,904,36338.43718,13,0.873604061
255,84,1034,890,36338.43718,12,0.873134328
241,97,985,1030,36338.43718,14,0.873490814
238,80,947,753,36338.43718,10,0.870229008
228,85,930,1096,36338.43718,13,0.870967742
252,61,1071,1366,36338.43718,14,0.882626921
275,74,1181,423,36338.43718,13,0.882075472
249,84,1017,750,36338.43718,13,0.874242424
255,73,1114,1541,36338.43718,12,0.882596685
315,111,1137,2037,36338.43718,13,0.862084063
265,74,1137,2979,36338.43718,14,0.880576836
289,118,1096,792,36338.43718,14,0.865955473
300,118,1137,1286,36338.43718,15,0.867021277
249,85,1013,1370,36338.43718,13,0.873604061
250,73,1050,1130,36338.43718,17,0.879634088
272,78,1169,2019,36338.43718,14,0.882097963
302,99,1165,1233,36338.43718,12,0.868409586
92,67,327,781,16360.36538,3,0.828358209
153,72,526,1540,16360.36538,7,0.830939227
123,67,453,836,16360.36538,6,0.841494845
92,64,320,747,16360.36538,3,0.827715356
134,64,476,684,16360.36538,5,0.837378641
89,71,313,821,16360.36538,7,0.830152672
96,64,327,893,16360.36538,6,0.825771325
304,78,971,640,18302.35112,6,0.828539199
289,83,915,218,18302.35112,6,0.829498525
253,100,872,715,18734.86704,6,0.840980515
234,108,1036,778,18734.86704,9,0.88241206
129,77,482,790,18734.86704,6,0.843446602
362,95,1200,719,18734.86704,7,0.840739111
241,107,1033,308,18734.86704,10,0.876410256
394,108,1394,933,18734.86704,15,0.852323838
398,94,1376,778,18734.86704,14,0.849185297
411,110,1418,1026,18734.86704,12,0.848339483
240,100,1250,4040,33136.1241,37,0.898819562
213,105,1100,3773,33136.1241,37,0.898908401
392,120,1913,584,53812.22095,160,0.892866904
392,120,1913,584,53812.22095,160,0.892866904
384,98,1774,2926,53812.22095,94,0.888339634
185,71,839,2694,53812.22095,23,0.887606318
359,101,1625,254,53812.22095,81,0.883592737
377,93,1604,1509,53812.22095,57,0.878543814
376,99,1685,693,53812.22095,77,0.88455634
389,115,1892,1999,53812.22095,158,0.893249177
142,59,649,3352,75810.43776,18,0.895741557
126,86,736,2064,75810.43776,26,0.917539267
121,62,577,810,75810.43776,17,0.9
178,83,903,2154,75810.43776,26,0.904608789
142,59,649,1111,75810.43776,18,0.895741557
172,92,842,860,75810.43776,32,0.892298059
108,77,564,336,75810.43776,16,0.909547739
339,119,1858,6502,49722.93653,191,0.901050788
87,60,355,3359,3443.532098,10,0.866972477
297,111,1694,2378,34163.0791,173,0.903696498
26,18,44,3777,17335.24657,3,0.720430108
89,49,349,206,25847.2077,16,0.862865948
138,70,547,3179,50716.61358,17,0.861584754
117,79,447,4380,50716.61358,19,0.852830189
128,83,528,5138,50716.61358,19,0.862808146
125,96,626,555,17509.8567,13,0.895659432
197,118,836,3126,22618.54494,19,0.885331781
206,107,893,1840,22618.54494,17,0.894467213
183,112,774,1386,22618.54494,15,0.884250474
212,116,871,1317,22618.54494,17,0.883644347
207,107,885,1571,22618.54494,20,0.891052632
212,116,871,1195,22618.54494,17,0.883644347
66,72,262,1438,15187.01226,7,0.868263473
83,90,317,1525,15187.01226,6,0.866344605
60,63,232,693,15187.01226,5,0.866962306
87,101,340,762,15187.01226,9,0.870149254
87,101,340,717,15187.01226,9,0.870149254
91,104,354,1386,15187.01226,9,0.868115942
159,108,693,801,27406.91783,14,0.886993603
131,100,658,343,27406.91783,14,0.895949166
28,25,128,1030,57490.43826,0,0.875
27,29,73,1399,57490.43826,1,0.782258065
153,81,876,2721,57490.43826,7,0.914858097
26,35,81,450,57490.43826,3,0.820689655
5,13,14,1230,57490.43826,1,0.807692308
5,13,14,799,57490.43826,1,0.807692308
27,26,117,1936,42482.92615,0,0.881057269
123,67,714,1053,42482.92615,3,0.911701364
6,16,46,1115,42482.92615,1,0.944954128
46,28,231,731,42482.92615,1,0.901498929
46,28,231,732,42482.92615,1,0.901498929
107,52,570,965,25500.48421,2,0.902903811
6,34,34,2439,25500.48421,2,0.92
265,51,1553,673,49387.2863,117,0.913821138
312,54,2083,3696,52943.28146,205,0.924106057
249,60,1287,1136,52943.28146,65,0.90463424
101,57,674,984,58982.69862,34,0.923773585
101,57,674,820,58982.69862,34,0.923773585
127,61,782,1803,58982.69862,36,0.918275418
255,70,1393,2951,42858.54149,57,0.907340116
206,55,1179,1362,42858.54149,60,0.911245153
279,80,1564,1539,42858.54149,54,0.910433387
179,71,522,2631,31139.66985,19,0.827220077
192,74,546,1295,31139.66985,20,0.822057461
193,72,549,1649,31139.66985,21,0.822773186
266,67,978,3110,31139.66985,25,0.867858917
246,69,890,2260,31139.66985,24,0.863862756
166,72,441,3138,31139.66985,17,0.815350389
179,71,522,1833,31139.66985,19,0.827220077
274,65,1031,1620,31139.66985,28,0.869833729
294,66,1138,1339,31139.66985,28,0.872229465
232,70,811,2320,31139.66985,26,0.859818731
417,94,2027,1514,134994.9088,114,0.897618463
415,94,1932,2346,134994.9088,102,0.894348269
327,69,1724,642,58126.24751,44,0.905845091
364,69,1780,2189,58126.24751,41,0.899696886
340,70,1674,1751,58126.24751,40,0.900497512
350,69,1721,655,58126.24751,46,0.901046084
350,69,1721,628,58126.24751,46,0.901046084
327,69,1724,642,58126.24751,44,0.905845091
331,73,1583,1284,58126.24751,42,0.898153846
354,72,1865,2749,58126.24751,53,0.905473965
336,78,1788,2124,58126.24751,49,0.905644482
245,63,1075,1704,34604.20073,25,0.889390519
296,90,1306,2163,34604.20073,38,0.895221239
240,67,1031,2650,34604.20073,18,0.884057971
238,79,1075,2684,34604.20073,32,0.896611642
346,90,1526,2180,34604.20073,36,0.891126495
335,87,1447,1668,34604.20073,37,0.891198441
335,87,1447,782,34604.20073,37,0.891198441
264,72,1014,6324,29599.69657,22,0.868065967
289,70,1141,1897,29599.69657,25,0.873134328
264,72,1014,876,29599.69657,22,0.868065967
147,66,459,2233,29599.69657,17,0.83575419
61,65,242,429,7783.120137,7,0.871578947
61,65,242,429,7783.120137,7,0.871578947
47,48,112,2010,7783.120137,4,0.814229249
54,31,116,1878,22938.74047,3,0.809187279
20,16,33,1090,22938.74047,3,0.75
78,52,167,2193,22938.74047,5,0.804511278
83,63,190,337,15675.02785,5,0.818777293
69,56,153,581,15675.02785,6,0.816
45,30,91,1272,25285.05023,1,0.82421875
55,26,181,5728,25285.05023,1,0.881974249
40,29,88,1132,25285.05023,1,0.83935743
40,29,88,738,25285.05023,1,0.83935743
5,34,46,1432,41311.48915,3,0.959677419
9,30,73,2378,41311.48915,3,0.949438202
5,33,45,4213,41311.48915,3,0.959016393
217,44,1577,2584,53069.27567,271,0.928665352
234,49,1687,1211,53069.27567,295,0.928940176
101,25,529,763,53069.27567,207,0.904536862
101,25,529,1517,53069.27567,207,0.904536862
208,43,1476,1282,53069.27567,269,0.926914968
97,41,810,892,49970.30897,102,0.939488459
128,51,1061,2376,49970.30897,117,0.938194109
76,38,713,1459,49970.30897,93,0.946778711
258,52,1848,5922,49970.30897,178,0.928393006
231,54,1777,869,49970.30897,153,0.932946299
151,53,386,2247,58872.21116,22,0.796769852
202,61,662,1525,58872.21116,26,0.848120301
106,62,226,733,23451.64962,6,0.79886148
98,48,425,870,35861.47162,12,0.875634518
81,48,350,863,35861.47162,12,0.875766871
196,70,969,345,35861.47162,15,0.89260274
145,59,616,820,17719.77856,7,0.854271357
141,56,612,684,17719.77856,7,0.857431749
148,54,633,1067,17719.77856,6,0.856589147
145,56,627,923,17719.77856,7,0.857843137
148,54,644,1333,17719.77856,7,0.858373206
129,47,509,1833,17719.77856,4,0.843065693
145,56,627,920,17719.77856,7,0.857843137
120,60,604,1300,19597.38675,7,0.893522626
40,32,147,765,19881.79333,3,0.870967742
146,56,694,1306,19881.79333,13,0.888549618
96,38,537,775,19881.79333,6,0.905882353
52,41,261,1638,19881.79333,6,0.896620278
94,37,488,3943,19881.79333,6,0.898815931
91,56,458,2303,35001.36518,3,0.894062864
96,67,489,2189,35001.36518,4,0.890660592
96,67,489,943,35001.36518,4,0.890660592
146,60,662,3250,17838.4388,6,0.8832
235,53,924,1844,17838.4388,10,0.868788386
165,61,737,1650,17838.4388,9,0.880521361
144,57,663,3574,17838.4388,5,0.884707766
223,58,989,2523,17838.4388,8,0.887373737
245,55,965,2563,17838.4388,10,0.868562232
221,57,963,986,17838.4388,8,0.882509304
227,62,925,1725,17838.4388,11,0.870285714
168,66,775,1650,17838.4388,11,0.894736842
169,65,799,2050,17838.4388,11,0.897699758
217,64,925,781,17838.4388,8,0.875715922
207,45,1053,2214,27768.72215,19,0.894279877
230,47,1122,794,27768.72215,22,0.891252955
230,47,1122,1573,27768.72215,22,0.891252955
182,25,822,1418,27768.72215,4,0.878747502
208,42,1021,620,27768.72215,7,0.887628309
230,47,1122,740,27768.72215,22,0.891252955
195,35,879,2229,27812.43798,3,0.879778052
244,43,1093,1563,27812.43798,14,0.878364905
159,23,723,1430,27812.43798,6,0.881343284
252,43,1171,2274,27812.43798,10,0.882845188
146,69,661,1963,37997.64822,13,0.883386581
166,62,766,3162,37997.64822,11,0.890284204
166,70,760,1548,37997.64822,13,0.884961885
154,67,720,3455,37997.64822,11,0.887918486
161,58,730,722,37997.64822,11,0.88949897
222,50,924,1301,24590.48557,10,0.878356164
203,32,800,1144,24590.48557,7,0.871029225
185,31,710,866,24590.48557,5,0.862657758
169,19,775,1573,24590.48557,4,0.881236824
168,41,610,2421,24590.48557,5,0.86011657
220,50,903,1301,24590.48557,10,0.875565611
153,26,650,2517,24590.48557,5,0.873762376
220,52,916,863,24590.48557,10,0.878116343
168,41,610,1096,24590.48557,5,0.86011657
198,30,784,1277,24590.48557,6,0.865214432
213,50,900,1126,24590.48557,10,0.879661017
224,42,875,255,24590.48557,9,0.86869871
195,33,783,3146,24590.48557,8,0.873868047
213,50,900,1126,24590.48557,10,0.879661017
166,19,732,1434,24590.48557,4,0.877941176
195,33,783,1966,24590.48557,8,0.873868047
140,73,579,2740,24355.68359,14,0.873646209
131,67,483,2864,20092.47001,12,0.851305335
136,68,496,4342,20092.47001,12,0.849889625
141,69,576,966,20092.47001,9,0.872166818
125,40,623,2884,46896.40678,12,0.907201188
125,40,623,3598,46896.40678,12,0.907201188
64,52,332,3279,46896.40678,7,0.916990921
125,40,623,1917,46896.40678,12,0.907201188
121,40,574,1822,46896.40678,8,0.90381558
64,52,332,1931,46896.40678,7,0.916990921
125,40,623,1234,46896.40678,12,0.907201188
163,23,750,2237,34426.55575,4,0.88298636
142,26,647,1355,34426.55575,5,0.883606557
166,24,762,2033,34426.55575,12,0.882436261
185,24,857,2033,34426.55575,11,0.881713555
185,41,862,4694,34426.55575,19,0.881105398
149,37,659,5426,9338.249323,18,0.880128721
149,37,659,1943,9338.249323,18,0.880128721
150,39,658,4201,9338.249323,16,0.879032258
170,60,880,4702,53885.90844,25,0.900642899
170,60,880,5333,53885.90844,25,0.900642899
170,60,880,4255,53885.90844,25,0.900642899
170,60,880,1044,53885.90844,25,0.900642899
125,57,582,1416,31939.77031,10,0.902037618
124,72,550,1974,31939.77031,10,0.89588581
23,44,80,2774,39627.51233,1,0.872928177
22,29,78,1974,39627.51233,1,0.876404494
22,43,78,2566,39627.51233,1,0.876404494
112,60,482,842,39627.51233,7,0.854734112
22,29,77,2649,39627.51233,1,0.875706215
22,22,77,2646,39627.51233,1,0.875706215
22,32,78,1458,39627.51233,1,0.876404494
22,22,77,1631,39627.51233,1,0.875706215
22,29,77,1734,39627.51233,1,0.875706215
22,22,77,1670,39627.51233,1,0.875706215
17,44,47,1664,48711.11834,1,0.806818182
18,44,49,1214,48711.11834,1,0.802197802
30,33,144,1279,36692.49498,0,0.89010989
30,32,144,2565,36692.49498,0,0.89010989
48,63,215,705,36692.49498,6,0.887850467
41,65,192,2905,36692.49498,1,0.891246684
41,65,192,1574,36692.49498,1,0.891246684
33,69,142,1908,36692.49498,2,0.87593985
41,65,192,3923,36692.49498,1,0.891246684
36,64,169,2226,36692.49498,1,0.891238671
31,32,141,933,36692.49498,0,0.885185185
167,79,609,1343,26986.96295,9,0.853893263
115,70,326,4198,16218.85574,10,0.801381693
87,40,230,1111,16218.85574,7,0.791866029
105,74,298,4439,16218.85574,9,0.800380228
115,66,369,2357,16218.85574,10,0.837340877
110,66,329,1349,16218.85574,10,0.810996564
105,54,289,952,16218.85574,8,0.805914972
66,61,199,4514,21883.86122,7,0.817679558
92,67,293,1439,21883.86122,4,0.827067669
65,54,194,1219,21883.86122,6,0.816901408
66,60,199,2650,21883.86122,7,0.818181818
69,72,206,2571,21883.86122,8,0.81300813
92,67,293,848,21883.86122,4,0.827067669
39,52,143,1601,19983.21013,7,0.864583333
93,38,496,767,14537.05337,7,0.897689769
235,84,1001,1767,26698.17565,13,0.87804878
249,86,1243,1547,26698.17565,14,0.892161109
240,87,1144,1074,26698.17565,16,0.888216116
207,81,911,741,26698.17565,11,0.880829016
180,81,609,1170,26698.17565,10,0.839285714
252,84,1401,1528,26737.12397,19,0.905156191
245,75,1328,681,23320.92604,20,0.900809717
252,79,1363,481,23320.92604,20,0.901485536
276,87,1565,408,23624.75283,22,0.906090507
182,55,965,962,25722.93911,14,0.903088392
182,70,971,531,3905.885804,8,0.901780896
157,66,855,702,3905.885804,5,0.903325123
80,46,408,1086,3905.885804,3,0.899874844
152,74,863,1322,26266.09208,8,0.907990315
179,71,957,1314,26266.09208,7,0.901810203
144,73,673,537,24113.64599,11,0.886345699
130,73,461,759,24113.64599,8,0.845053635
159,62,773,750,24113.64599,11,0.890041494
130,73,461,747,24113.64599,8,0.845053635
141,77,599,1146,24113.64599,11,0.873542601
130,73,461,1608,24113.64599,8,0.845053635
166,79,715,1221,24113.64599,12,0.878566203
221,71,1213,1914,44202.78123,17,0.902125775
184,67,911,2061,44202.78123,15,0.888552392
117,57,626,824,44202.78123,11,0.898701299
269,95,1322,917,55277.9273,16,0.891967871
237,81,1067,997,55277.9273,13,0.886765409
