교육 수,교통 수,버퍼내폐업비율,아파트 세대수,임대료,점심저녁시간대 생활인구수,집객시설 수,타업종경쟁자
154,95,0.551809211,6336,5113,10936.29824,8,1147
169,89,0.556451613,11259,2582,10936.29824,8,1057
187,67,0.415167095,13317,1124,29842.30973,6,742
247,96,0.530178326,8118,3172,55277.9273,15,2799
35,75,0.429325513,2338,5887,35491.54168,36,1647
352,60,0.52368758,9904,3267,35001.36518,4,754
93,90,0.36944562,9560,1057,22107.5451,28,2244
89,86,0.365975104,8278,4089,22107.5451,29,2285
342,56,0.489594173,14152,1055,58126.24751,77,3697
342,56,0.489594173,14152,1931,58126.24751,77,3697
73,133,0.502410468,4583,1372,72929.04225,24,2573
50,116,0.489361702,5905,720,72929.04225,20,2049
61,120,0.498065015,5905,321,72929.04225,22,2268
61,126,0.499628253,5905,583,72929.04225,22,2369
76,44,0.320895522,5763,5462,41311.48915,4,131
125,73,0.507334963,406,3500,42482.92615,4,1582
115,97,0.449402891,6046,3039,27016.92851,11,1541
311,104,0.508474576,17964,1125,23689.09175,18,2036
110,83,0.47382199,10487,3803,19040.65528,17,1456
88,89,0.516129032,6052,1799,25308.72175,6,1067
95,71,0.490066225,6399,4246,17713.32909,6,874
112,66,0.495071194,5324,764,17713.32909,7,885
89,82,0.475836431,10652,1237,17713.32909,6,1041
174,75,0.490586337,14262,1288,20092.47001,15,1770
140,111,0.48293127,11101,845,18843.2556,12,1660
96,113,0.516832441,4949,15355,28933.52476,9,2276
117,88,0.447004608,9939,1549,18428.03924,6,1267
101,87,0.500865801,2758,2552,14743.22995,12,2229
109,86,0.509906996,2618,2270,14743.22995,14,2383
104,82,0.509457755,2758,6563,14743.22995,12,2292
156,117,0.489185458,11426,9019,18843.2556,18,1623
149,118,0.489858907,11100,1170,18843.2556,18,1713
147,115,0.488651535,10999,3899,18843.2556,17,1687
178,97,0.519125683,19343,1261,21773.75122,9,700
189,104,0.530150754,18960,3017,21773.75122,9,766
113,93,0.509289617,10693,2608,34851.63155,22,1601
122,84,0.514714715,9776,858,34851.63155,21,1474
103,84,0.507026419,10296,2058,34851.63155,17,1565
55,135,0.526932084,4871,1977,72929.04225,19,2279
218,84,0.428853755,12679,1434,55247.40565,9,963
62,77,0.365019011,1805,7074,29101.06209,45,762
160,50,0.467589679,5407,762,13384.80088,5,1529
165,55,0.465199286,3084,820,13384.80088,8,1617
339,108,0.519978402,1919,706,21351.53591,8,1807
317,62,0.49516441,12430,1623,19790.66068,6,501
154,102,0.471235618,15759,1051,11445.25174,11,1861
153,104,0.469816273,15759,1381,11445.25174,11,1773
153,102,0.46962963,12863,1832,11445.25174,12,1887
153,109,0.473269555,17725,1498,11445.25174,11,1648
154,104,0.467615309,12863,901,12993.74105,12,1898
151,89,0.533632287,15112,353,21634.83018,13,1511
230,94,0.536873156,10911,1336,21672.20931,14,1634
155,98,0.495092694,7684,1844,15470.6481,16,883
100,93,0.464797508,9166,482,18428.03924,8,1558
188,164,0.464944649,26677,4112,18036.51486,11,1052
101,108,0.473457676,2832,723,17671.14532,12,2024
246,118,0.514563107,2345,1881,92063.85439,21,2644
267,130,0.516230968,3224,2961,92063.85439,24,3319
88,73,0.502196193,2718,3775,18743.02733,7,661
138,83,0.474189676,10175,2548,20961.26048,11,804
210,63,0.499440403,3089,24412,134994.9088,97,3461
281,81,0.531660693,9277,6299,25722.93911,13,2418
260,78,0.521721142,8737,2735,25722.93911,12,2328
266,84,0.540256709,9277,1370,25722.93911,12,2472
262,91,0.531138153,8213,1797,25722.93911,15,2689
171,42,0.329519451,5465,1340,23722.84324,8,825
185,93,0.44549763,13867,769,60114.13685,18,1618
185,93,0.44549763,13867,518,60114.13685,18,1618
35,61,0.424539171,1781,1244,9558.739677,21,1676
74,65,0.363304094,2920,3131,40993.88901,14,1313
33,42,0.419075145,1501,2261,9558.739677,5,1338
185,97,0.433416459,15567,1076,26371.33594,19,1922
171,62,0.339534884,5240,1582,23722.84324,15,820
159,32,0.495746326,11800,15696,49970.30897,78,1264
52,93,0.345526664,1182,7727,27829.2449,29,2152
52,93,0.345526664,1182,3973,27829.2449,29,2152
52,93,0.345526664,1182,3766,27829.2449,29,2152
154,79,0.558988764,18661,895,21773.75122,7,1026
138,58,0.371428571,7894,778,28056.87549,9,1345
113,58,0.375386518,6815,846,28056.87549,9,1456
144,104,0.462970983,7215,6029,42649.78768,18,2175
144,104,0.462970983,7215,10147,42649.78768,18,2175
144,104,0.462970983,7215,2911,42649.78768,18,2175
144,104,0.462970983,7215,1612,42649.78768,18,2175
144,104,0.462970983,7215,9667,42649.78768,18,2175
67,137,0.519786432,3211,5688,72929.04225,23,2856
185,88,0.540606061,13187,1347,33645.9877,8,799
323,67,0.528554779,10973,601,30970.59425,10,1650
31,61,0.450031037,978,3479,14473.70103,16,1564
94,77,0.369638826,4358,4136,40993.88901,12,1597
94,77,0.369638826,4358,3373,40993.88901,12,1597
90,77,0.370455857,5151,7976,40993.88901,10,1561
90,77,0.370455857,5151,8049,40993.88901,10,1561
144,82,0.565364071,5486,7063,25660.57992,10,3442
119,75,0.572409488,6024,4276,25660.57992,9,3101
173,91,0.569192751,7132,4152,25660.57992,15,3521
283,72,0.326185102,6660,1344,23158.27997,13,843
95,75,0.382693198,4417,1155,20560.19923,10,1971
169,112,0.469246032,18064,3837,40842.28185,8,974
96,81,0.432884097,6024,3039,20560.19923,8,1756
102,89,0.442105263,6304,3166,20560.19923,8,1736
99,76,0.41981886,5333,6145,20560.19923,7,1763
98,85,0.438288535,6024,14823,20560.19923,8,1739
98,89,0.430974478,7081,3894,41819.70572,9,1660
94,80,0.420189274,7396,3711,41819.70572,9,1528
94,80,0.420189274,7396,8406,41819.70572,9,1528
276,133,0.517446809,3224,1772,92063.85439,25,3351
251,122,0.531606537,3631,667,92063.85439,15,3115
221,59,0.480934809,14738,2171,21563.97656,14,785
360,56,0.475897921,7357,4164,30883.73348,12,2051
351,44,0.543456033,19504,814,27812.43798,14,1902
90,56,0.376400299,14124,641,14549.63085,20,1293
336,42,0.544654939,21704,6717,34426.55575,17,1436
356,43,0.544534413,22445,5584,34426.55575,19,1441
324,41,0.540673212,19026,1046,34426.55575,17,1387
373,43,0.549457177,20603,2033,34426.55575,19,1613
215,66,0.49903395,4870,6373,134994.9088,66,3490
119,95,0.39938713,16148,5191,14361.50336,18,950
149,90,0.559388039,3916,3418,26465.70576,13,3476
322,69,0.313797314,10311,595,23158.27997,13,780
319,71,0.307065217,10404,1077,23158.27997,13,707
178,71,0.506829619,8047,2229,55277.9273,6,1331
213,39,0.523871812,10366,948,27768.72215,7,1491
77,83,0.37005277,1063,2728,12294.54395,22,1445
183,79,0.546860783,9562,2090,23624.75283,24,2120
171,77,0.542226488,9562,3701,23624.75283,24,2011
168,73,0.543352601,9811,905,23624.75283,22,2000
205,81,0.539505188,9294,1406,23624.75283,25,2409
171,73,0.542829644,9811,3439,23624.75283,22,2001
171,73,0.542829644,9811,7879,23624.75283,22,2001
204,77,0.543627451,9828,3142,23624.75283,22,1967
307,61,0.322074789,9362,4279,31098.29863,12,786
88,45,0.49611856,2658,359,13384.80088,7,1363
191,87,0.534456929,7812,2584,26737.12397,23,2571
162,67,0.358032379,7901,5594,28056.87549,11,1437
161,69,0.367061356,7901,1117,28056.87549,12,1675
161,68,0.368281001,7901,2166,28056.87549,12,1696
124,83,0.380338078,6041,7244,28056.87549,12,2049
160,69,0.36409966,7901,15005,28056.87549,11,1590
164,66,0.348395547,7901,7580,28056.87549,11,1363
165,65,0.363134658,7901,1454,28056.87549,12,1631
164,65,0.359240069,7901,3531,28056.87549,12,1564
161,69,0.367061356,7901,1015,28056.87549,12,1675
163,66,0.347882736,7648,5437,28056.87549,10,1371
160,69,0.36409966,7901,1678,28056.87549,11,1590
136,75,0.37619768,7491,2707,28056.87549,11,1795
164,65,0.359240069,7901,1218,28056.87549,12,1564
170,70,0.359452055,7901,2125,28056.87549,12,1645
165,67,0.357314149,7901,3336,28056.87549,11,1496
155,71,0.371368199,7901,1455,28056.87549,12,1710
24,43,0.438799076,2295,4315,35491.54168,23,831
61,32,0.519294377,810,686,13279.56162,4,875
31,87,0.367353308,1081,2295,35105.88129,60,3031
189,136,0.445478723,16579,2340,22681.831,15,1440
189,136,0.445478723,16579,6347,22681.831,15,1440
179,85,0.530997305,7368,1727,26737.12397,21,2857
167,80,0.536743808,6874,772,26737.12397,18,2373
79,144,0.499846201,4436,1860,11153.65005,22,2898
63,56,0.535014006,1576,2434,34418.83947,5,658
64,55,0.5371669,1576,23581,34418.83947,5,657
211,71,0.509025271,8503,3066,33995.93147,11,1606
157,65,0.525423729,8618,4269,33995.93147,10,1596
102,93,0.381397638,6193,3213,8553.058892,30,1921
91,82,0.467219917,4468,606,32500.0954,11,1141
124,84,0.449944383,7810,1120,18553.493,7,1748
219,78,0.489309713,13176,1133,20092.47001,10,1562
141,119,0.41346759,13931,2118,37557.40959,9,1529
455,54,0.500398406,9001,1300,19597.38675,12,1218
174,94,0.328554361,0,1099,16595.98649,12,815
23,67,0.357259915,1081,4605,51885.59884,57,2891
215,105,0.527823241,8292,606,20835.35135,8,1173
74,124,0.508738481,5853,1708,48294.13887,21,2670
74,124,0.508738481,5853,3568,48294.13887,21,2670
100,109,0.502237522,5778,2244,48294.13887,12,2422
77,125,0.513559322,5853,1536,48294.13887,14,2497
74,124,0.508738481,5853,3835,48294.13887,21,2670
205,67,0.52574698,11841,2587,33995.93147,10,1520
223,76,0.532949791,16070,970,33995.93147,15,1848
171,66,0.52208589,9583,1242,33995.93147,10,1577
231,73,0.471544715,7529,1333,14703.70065,6,951
98,88,0.489010989,5901,914,23667.05304,8,1235
179,81,0.460381143,15648,369,27407.09329,7,957
126,96,0.485132383,9694,1667,34851.63155,24,1994
132,101,0.475377284,9217,1201,34851.63155,23,2017
115,90,0.485985161,10429,1458,34851.63155,24,1974
133,99,0.476834768,10099,2003,34851.63155,23,1973
119,58,0.551312649,9536,894,15749.29261,6,805
127,65,0.539499037,9565,391,15749.29261,6,998
108,54,0.537572254,8424,2585,15749.29261,3,665
107,51,0.549079755,7562,1782,15749.29261,3,623
157,119,0.47388535,4596,1981,16017.52461,9,753
167,121,0.481942715,6183,2299,16017.52461,7,770
162,115,0.482142857,4720,2476,16017.52461,7,751
155,140,0.476658477,3633,892,16017.52461,9,782
147,86,0.558583106,3871,1064,18597.21201,7,1385
138,95,0.523890063,2781,1540,18597.21201,9,2259
148,87,0.555030385,3888,1830,18597.21201,8,1393
145,86,0.540767386,2916,561,18597.21201,7,1576
97,82,0.534246575,7925,1321,47422.94108,4,914
729,78,0.534472934,14831,3735,30970.59425,20,1679
226,58,0.496173469,8673,2048,52943.28146,74,3053
230,59,0.500296033,9262,1968,52943.28146,86,3291
497,73,0.556145675,18186,1730,18042.05803,16,1256
351,64,0.47578125,9134,1284,19520.16563,15,1229
195,91,0.456081081,4149,663,44660.5002,13,1428
184,69,0.475104979,7337,1083,44660.5002,14,1606
184,68,0.473305339,7337,2953,44660.5002,15,1606
147,113,0.532402792,9961,1701,27915.81412,5,966
147,65,0.487804878,8190,3208,17915.96462,10,1275
1420,73,0.510649771,14186,9632,49884.88825,48,3546
1422,71,0.503995591,13739,3174,49884.88825,47,3468
169,145,0.486521181,10954,1908,17973.59103,10,749
189,91,0.319098458,0,1624,16595.98649,15,821
112,71,0.327586207,1207,5623,15798.86142,16,790
201,109,0.491368681,14228,2106,34152.22118,20,1495
93,95,0.540816327,9384,840,27915.81412,6,667
162,111,0.45986723,12590,2746,12993.74105,12,1548
147,76,0.581395349,12855,3299,27915.81412,8,1036
151,80,0.580348944,12855,1853,27915.81412,8,1049
247,64,0.452877925,10114,9999,38110.8177,18,1528
121,100,0.486925795,8640,1132,18022.5886,19,2200
121,87,0.491878384,10049,1808,34851.63155,18,1934
152,100,0.566141193,3621,1232,18734.86704,6,1369
277,90,0.472222222,13484,4610,18178.5695,12,1020
147,69,0.472388556,5952,803,19040.65528,12,1443
172,79,0.459644323,6453,1178,24634.25263,15,1409
126,55,0.464788732,2166,1641,44660.5002,7,1845
407,91,0.533424284,7889,1519,15402.92528,13,1403
118,74,0.489228631,8850,3889,19040.65528,16,1380
118,74,0.489228631,8850,2352,19040.65528,16,1380
130,91,0.509421265,11515,343,34851.63155,20,1354
172,97,0.499707431,11694,1814,34851.63155,20,1563
172,97,0.499707431,11694,3731,34851.63155,20,1563
185,79,0.464838256,2329,1193,44660.5002,7,1371
196,68,0.462643678,3150,4247,44660.5002,7,1342
155,66,0.549597855,17580,1610,21634.83018,15,1445
187,70,0.552151714,19980,470,21634.83018,15,1328
120,83,0.503095975,2602,1026,14743.22995,12,1870
108,79,0.505719733,2602,715,14743.22995,12,2026
102,78,0.506487696,2758,5770,14743.22995,12,2160
130,92,0.533898305,7916,3377,12627.52288,10,1444
134,90,0.537908497,8629,629,12627.52288,10,1439
134,95,0.572708477,4009,1204,18734.86704,9,1372
260,96,0.520565553,2242,3113,23795.55066,9,1517
145,74,0.544754572,4901,699,11706.96044,8,1005
95,83,0.363226863,8040,562,14549.63085,29,2325
191,80,0.459125475,19322,3174,30733.40349,6,1005
120,79,0.466216216,7891,1322,27407.09329,9,1137
677,72,0.520758123,18395,3949,12830.53078,13,1041
677,69,0.51838565,18783,2640,12830.53078,13,1049
109,70,0.492553778,2455,1811,23937.25458,13,1748
115,62,0.487270876,2509,1919,23937.25458,14,1889
132,63,0.49656526,2509,2452,23937.25458,14,1961
114,64,0.491071429,3125,3362,23937.25458,13,1942
98,74,0.489167617,2638,5338,23937.25458,12,1691
163,104,0.471575023,11846,2192,12993.74105,15,1997
162,106,0.471575023,10836,3000,12993.74105,16,2000
142,108,0.466990291,12195,1129,12993.74105,14,1913
143,91,0.526734104,3219,1209,19314.25885,7,1328
213,110,0.482826948,16501,3275,34152.22118,21,1417
232,112,0.473364801,18525,13017,34152.22118,20,1393
133,95,0.536423841,8872,1257,27908.211,9,1420
133,82,0.52685422,8517,437,12627.52288,10,1459
137,81,0.538461538,8764,1283,12627.52288,10,1383
142,82,0.533515732,8764,1419,12627.52288,10,1364
199,80,0.505565863,13623,1074,32931.6198,6,1040
236,85,0.537037037,21224,2658,39876.45671,7,515
272,103,0.52666987,16621,1973,15225.36949,14,2000
211,77,0.511056511,12014,1140,20626.42224,14,1962
241,90,0.51925078,16245,2041,20626.42224,14,1850
348,110,0.530798072,3939,2266,21351.53591,9,1819
346,106,0.524038462,2431,763,21351.53591,8,1828
342,107,0.522019334,2431,4945,21351.53591,8,1818
92,118,0.486477115,6875,431,48294.13887,20,2267
93,120,0.485753519,6709,7969,48294.13887,23,2292
121,96,0.508055236,12137,8054,34851.63155,21,1525
122,92,0.493417588,12734,3597,34851.63155,22,1657
121,96,0.508055236,12137,982,34851.63155,21,1525
130,92,0.507803121,11212,686,34851.63155,21,1474
143,95,0.468886463,11439,773,7103.431285,11,1706
78,117,0.486578611,5905,1029,11153.65005,20,2037
82,133,0.502952414,5076,1328,11153.65005,26,2530
82,129,0.495253165,6402,446,11153.65005,23,2186
90,112,0.496631376,9819,2172,34851.63155,19,1769
88,120,0.489352455,7477,1928,34851.63155,22,1972
99,109,0.509120172,10246,1109,34851.63155,18,1585
96,118,0.49277825,7904,1262,34851.63155,22,2005
90,114,0.485651214,7477,1372,34851.63155,20,1941
104,92,0.507285483,11572,1624,34851.63155,17,1600
95,117,0.491904395,7306,1153,18022.5886,21,2092
96,114,0.491327148,7472,1116,18022.5886,22,1969
98,117,0.492851469,7306,943,18022.5886,20,2018
97,118,0.501460159,8495,794,18022.5886,22,2017
95,117,0.491054435,7760,1447,18022.5886,23,2155
95,119,0.486375513,7306,1372,18022.5886,23,2175
177,75,0.465065502,13745,920,21563.97656,15,880
146,122,0.475824176,10798,1262,24944.83827,15,1531
100,93,0.563073394,3854,1536,11110.7312,12,1583
80,99,0.556213018,3491,1046,11110.7312,14,1847
94,117,0.518773946,4949,1437,20675.0014,11,2293
86,118,0.51537279,4582,1442,20675.0014,13,2312
94,100,0.537307033,3731,631,20675.0014,16,2134
95,100,0.529142381,3731,1696,20675.0014,16,2197
94,101,0.538124452,3731,683,20675.0014,16,2085
91,102,0.525571726,3731,682,20675.0014,16,2198
91,98,0.541476755,3731,902,20675.0014,15,2005
147,124,0.482109228,12707,2144,24944.83827,13,1394
154,132,0.493791088,13791,593,24944.83827,11,1240
113,75,0.511757426,2592,1880,26465.70576,8,1550
193,106,0.518261674,3871,2419,26465.70576,8,2069
185,91,0.526744186,3631,1796,26465.70576,11,2486
166,119,0.482014388,16052,2404,11445.25174,10,1268
151,116,0.459427904,13437,694,11445.25174,11,1575
205,104,0.509915014,18740,1320,19114.97627,7,996
272,114,0.487525988,16482,989,19114.97627,6,925
173,108,0.494725153,15861,1079,17555.13785,12,1413
174,105,0.487881981,13376,609,17555.13785,12,1435
155,89,0.561681599,4011,871,28933.52476,7,1356
154,91,0.563486616,4011,956,28933.52476,8,1358
147,91,0.56207367,4208,2045,28933.52476,7,1371
135,111,0.469583333,9766,1881,18843.2556,14,1853
135,111,0.469583333,9766,715,18843.2556,14,1853
132,106,0.472412404,10417,3216,18843.2556,12,1929
126,108,0.475724764,8400,1394,18843.2556,14,2269
131,110,0.47266881,10815,975,18843.2556,14,2212
138,107,0.468067906,10113,965,18843.2556,12,1923
133,106,0.4792498,9484,1072,18843.2556,12,1961
128,107,0.478964401,7402,1774,18843.2556,11,1942
139,106,0.468292683,10113,845,18843.2556,13,1910
133,106,0.473174667,10417,2696,18843.2556,12,1928
129,103,0.471052632,8595,1137,18843.2556,15,2095
133,106,0.469117647,10815,812,18843.2556,15,2141
140,110,0.468619247,10113,1611,18843.2556,12,1846
123,104,0.474733096,7476,1689,18843.2556,13,2234
138,107,0.468067906,10113,1072,18843.2556,12,1923
128,104,0.471161049,8595,585,18843.2556,15,2103
128,106,0.468856172,11803,1072,18843.2556,15,2076
132,106,0.470588235,9770,4006,18843.2556,15,2144
287,102,0.533490566,3280,1102,39979.50338,15,2043
268,129,0.534957627,6585,2465,39979.50338,9,1823
299,118,0.529598309,4456,642,39979.50338,8,1830
254,119,0.53929385,5973,1652,39979.50338,8,1695
202,87,0.540408163,3207,1818,39979.50338,6,1195
266,124,0.53262159,8208,794,21740.24438,8,1621
64,83,0.377622378,436,1778,32026.19779,47,549
227,109,0.529113924,8841,1242,12563.15445,7,1521
200,84,0.523887974,8179,1028,13732.39908,9,1164
163,97,0.526372443,14154,1323,18817.68998,3,895
272,117,0.511964549,1752,629,64012.98508,33,3208
348,117,0.533428844,4164,2049,39161.33257,10,2034
277,109,0.553728714,15777,1775,16952.0564,13,1624
311,147,0.558590029,8359,906,23689.09175,37,2998
311,147,0.558590029,8359,4374,23689.09175,37,2998
330,145,0.55489022,9286,787,23689.09175,36,2858
321,119,0.472222222,14889,4003,18178.5695,12,992
281,98,0.472947761,11689,2144,18178.5695,12,1015
173,69,0.51814059,6667,1335,14042.38559,11,1700
277,104,0.481142857,13160,5067,35764.16763,12,827
286,115,0.49008168,12882,3523,35764.16763,11,814
299,110,0.48003992,13365,3767,35764.16763,13,948
282,103,0.479957806,13888,4428,35764.16763,13,895
147,100,0.472392638,12426,2230,21621.5139,17,1408
132,116,0.498369211,3710,548,15465.62248,13,1479
255,117,0.50591716,22413,3660,37557.40959,25,1298
146,129,0.395977809,11398,2092,44978.79125,11,1391
214,82,0.554030875,17896,922,9971.567136,9,561
68,74,0.495440729,2718,1084,26011.7297,5,636
107,48,0.43423953,2110,1417,23078.81627,11,1311
106,41,0.416901408,1540,2579,23078.81627,11,1026
274,94,0.449786325,12366,1622,25603.0493,21,1799
83,78,0.486111111,9137,1670,18428.03924,7,1262
86,79,0.44665272,2979,3500,25115.11668,8,896
84,79,0.438202247,2979,1625,25115.11668,8,918
87,81,0.448007775,3414,4255,25115.11668,9,969
174,107,0.485939258,11944,2289,20961.26048,8,861
70,64,0.363572433,3225,445,40993.88901,14,1349
70,64,0.363572433,3225,445,40993.88901,14,1349
66,63,0.362491253,3225,1241,40993.88901,14,1352
104,62,0.507868383,6204,759,22158.3917,9,1317
67,66,0.430406852,10121,577,31295.34849,3,442
101,107,0.397740113,6180,7345,21621.5139,19,1685
70,99,0.37454324,884,1628,20821.24615,21,1566
306,90,0.496052632,14107,878,19067.69557,13,1465
120,109,0.450980392,10644,1647,14397.35925,9,481
212,102,0.492424242,17334,711,21000.83161,5,1149
20,43,0.320224719,1032,3097,13854.49042,28,2057
128,90,0.441471572,5757,2102,24959.37612,10,1736
83,85,0.528534371,7209,695,32500.0954,19,1472
298,74,0.524513619,18316,1281,27888.34453,10,1239
247,64,0.499327052,15783,2070,27888.34453,7,717
18,51,0.42248062,1588,924,14397.35925,5,243
83,93,0.531073446,10705,1413,18323.99703,7,1025
111,101,0.463134899,6094,894,27016.92851,12,1777
115,103,0.454013822,5828,1294,27016.92851,12,1828
192,42,0.322429907,6602,2809,19131.085,9,809
188,42,0.323598131,6602,3858,19131.085,9,809
192,92,0.531221719,14445,3073,17611.706,2,1045
195,98,0.53,13478,3595,17611.706,3,943
190,102,0.53481332,13796,6248,17611.706,1,938
186,101,0.524262607,12778,961,17611.706,4,993
197,105,0.516309413,12778,2410,17611.706,4,1015
210,105,0.53304721,14142,1915,17611.706,4,1104
189,101,0.524233432,12574,1495,17611.706,3,954
259,125,0.474617244,18888,3477,34991.12653,9,1182
272,122,0.463883366,21409,1424,23326.5946,13,1449
259,120,0.532524807,8170,835,21672.20931,13,1748
259,121,0.532366071,8530,4075,21672.20931,10,1727
345,130,0.507022472,23045,1760,13067.23319,13,670
186,87,0.542410714,13089,3140,21672.20931,13,1723
191,94,0.545400943,13982,1711,21672.20931,13,1630
298,106,0.479050279,29316,825,19015.55315,8,1365
111,87,0.494335736,14226,2479,25308.72175,5,925
109,89,0.479919679,14107,2138,25308.72175,5,951
115,87,0.497467072,13467,2659,25308.72175,5,941
323,113,0.54060219,1174,3211,39979.50338,12,2136
250,131,0.458302029,23624,1119,23326.5946,13,1271
256,122,0.461960784,21365,3030,23326.5946,13,1214
63,73,0.474336283,3858,6631,32500.0954,13,1065
63,73,0.474336283,3858,3795,32500.0954,13,1065
63,76,0.480704698,3918,1945,32500.0954,12,1126
64,74,0.474499089,3828,663,32500.0954,13,1033
66,74,0.482019893,4762,2015,32500.0954,13,1238
66,74,0.481453444,4762,771,32500.0954,13,1251
74,123,0.52883263,3731,1263,34321.39937,17,2579
78,116,0.529645698,3731,5919,34321.39937,16,2514
86,66,0.470845481,2792,1883,22467.27921,5,1321
57,65,0.502024291,3519,1611,22831.5909,7,716
69,73,0.540803898,4152,1294,25308.72175,5,793
167,113,0.470588235,24897,5229,41420.82633,8,1001
156,114,0.470829069,20138,3975,41420.82633,8,943
166,109,0.471428571,24122,668,41420.82633,8,1013
170,111,0.470009833,18064,1893,41420.82633,8,983
589,99,0.499201703,30733,617,32208.65205,18,1803
715,100,0.494364754,35556,721,32208.65205,20,1877
724,101,0.490778689,36910,754,32208.65205,20,1878
473,108,0.498658078,33531,1546,32208.65205,21,1788
429,106,0.498921251,34153,957,32208.65205,21,1780
589,99,0.499201703,30733,617,32208.65205,18,1803
126,93,0.550664452,18202,1509,24802.59456,11,1156
201,97,0.533489097,13445,2097,24802.59456,13,1229
54,54,0.511587983,390,1755,42482.92615,3,1120
84,63,0.58033241,2389,2177,16360.36538,3,686
150,70,0.521327014,24146,2059,34583.80004,5,611
168,70,0.529886914,21832,677,34583.80004,5,598
119,114,0.546107784,17307,1928,21161.56927,5,790
119,116,0.541666667,13377,1361,21161.56927,5,818
107,110,0.506297229,16925,1069,21161.56927,6,754
207,65,0.517263026,11325,6383,27888.34453,11,1541
221,77,0.511842105,10623,424,27888.34453,9,1465
68,79,0.541409147,2682,1884,22831.5909,6,776
174,74,0.490517241,15685,3072,31939.77031,15,1102
178,81,0.517708333,14077,1416,31939.77031,9,916
24,58,0.393504532,7860,5156,63564.3509,8,1264
24,58,0.393504532,7860,11039,63564.3509,8,1264
24,58,0.393504532,7860,5144,63564.3509,8,1264
24,58,0.393504532,7860,14337,63564.3509,8,1264
162,78,0.534546959,6874,895,44202.78123,16,2330
139,118,0.49010327,11760,965,18843.2556,18,1764
139,111,0.48991849,10788,2144,18843.2556,19,1767
135,109,0.488380952,10257,3774,18843.2556,18,2034
141,108,0.494980358,10897,2634,18843.2556,17,1728
139,118,0.49010327,11760,3899,18843.2556,18,1764
145,116,0.488047809,11116,1863,18843.2556,16,1933
145,116,0.488047809,11116,2830,18843.2556,16,1933
346,82,0.539177657,17715,2095,26698.17565,10,1238
102,48,0.608847497,6654,2319,10415.33542,5,835
397,114,0.535690681,17388,2717,33136.1241,93,2895
243,101,0.488335101,5607,3636,75810.43776,37,1801
253,103,0.487312273,5607,2213,75810.43776,38,1845
144,58,0.556577086,6494,752,44202.78123,14,1363
47,40,0.495774648,13530,1782,36692.49498,0,337
54,41,0.495702006,13530,5410,36692.49498,0,332
47,41,0.488764045,13530,1189,36692.49498,0,338
47,40,0.492917847,13530,2770,36692.49498,0,335
172,106,0.547375596,9656,1209,27908.211,9,1387
168,106,0.548188653,8870,920,27908.211,9,1382
164,99,0.550203528,8685,1023,27908.211,10,1389
148,100,0.537454545,6287,1708,27908.211,9,1301
152,98,0.53992674,6287,1085,27908.211,9,1291
231,90,0.519285042,15398,1475,11102.97852,14,1021
279,94,0.503018109,24784,1322,16588.93994,16,1426
238,84,0.535204567,8154,6043,26266.09208,10,2016
172,51,0.543952412,7000,729,25722.93911,8,1454
213,96,0.53248539,8272,729,23624.75283,25,2795
217,103,0.529953917,7398,1832,23624.75283,25,2709
194,80,0.543778802,9076,4724,23624.75283,24,2297
238,93,0.530881828,7556,1382,23624.75283,21,2694
237,85,0.530017153,7434,1457,23624.75283,18,2804
238,93,0.530881828,7556,2664,23624.75283,21,2694
200,66,0.504473503,8161,658,55277.9273,10,1390
218,72,0.501823867,8984,2913,55277.9273,11,1839
167,104,0.500357398,5565,981,23076.62305,8,1347
159,100,0.499640029,5565,1562,23076.62305,7,1337
313,115,0.504273504,30726,1663,31444.23906,10,1003
231,108,0.507879656,12359,1156,25681.43861,9,1350
291,113,0.437091503,12470,1223,26470.52405,11,1172
290,115,0.437552389,12470,2656,26470.52405,10,1143
292,112,0.436046512,12470,797,26470.52405,10,1153
291,113,0.437194127,12470,2669,26470.52405,11,1174
281,112,0.446190102,10407,6198,26470.52405,24,1220
285,116,0.440374123,12131,918,26470.52405,12,1229
129,97,0.42467621,13464,2049,28878.15314,13,1415
228,110,0.415055951,24132,936,9454.241349,15,1878
234,108,0.412244898,26944,4532,9454.241349,15,1874
174,102,0.411466261,20918,2905,9454.241349,16,1882
136,89,0.450686642,13284,886,34226.22895,7,762
58,78,0.486363636,12201,846,18280.3043,3,427
46,60,0.462264151,9233,2812,18280.3043,3,309
394,48,0.496235455,2555,3205,52943.28146,243,4258
98,91,0.506829268,3079,1977,30211.60385,17,1966
104,86,0.504551989,2656,1868,30211.60385,16,2007
105,87,0.511111111,3248,1541,30211.60385,17,2073
267,60,0.476769431,3891,1380,30883.73348,29,2222
238,72,0.470191226,3900,4775,30883.73348,26,1721
257,71,0.475149105,3900,10856,30883.73348,27,1938
220,70,0.472966391,3156,10213,30883.73348,27,1977
257,71,0.475149105,3900,660,30883.73348,27,1938
157,84,0.437198068,15454,3187,42649.78768,10,1585
152,59,0.558108108,6494,1345,44202.78123,14,1427
255,87,0.517103763,10457,4616,26698.17565,12,1689
273,82,0.530756668,8706,1791,26698.17565,11,1765
223,80,0.512642538,11064,1528,26737.12397,11,1936
27,50,0.510779436,2896,4919,42482.92615,2,571
48,27,0.612195122,2094,979,10163.56076,2,389
109,96,0.538698104,8948,2197,34321.39937,9,1771
109,96,0.538698104,8948,2537,34321.39937,9,1771
124,51,0.595317726,4137,3079,33820.49488,5,1164
132,61,0.580860534,3659,5119,33820.49488,7,1306
138,58,0.593380615,5645,1933,33820.49488,3,1230
218,61,0.495862069,13681,3658,37997.64822,11,1405
209,65,0.49550173,14310,3907,37997.64822,12,1400
218,61,0.495862069,13681,258,37997.64822,11,1405
186,58,0.49796748,11820,1876,37997.64822,11,1432
175,60,0.494736842,5109,682,52943.28146,72,2955
220,66,0.49346761,4983,974,52943.28146,104,3575
220,66,0.49346761,4983,714,52943.28146,104,3575
40,133,0.3671875,3665,25500,40268.92265,60,3270
43,139,0.366244726,1714,6623,40268.92265,79,3349
42,135,0.368838028,3466,4716,40268.92265,68,3222
47,143,0.360780726,3439,9595,40268.92265,44,3103
121,143,0.353212638,291,13941,86021.11043,133,2675
114,133,0.355277676,150,1618,86021.11043,126,2583
121,142,0.356573014,291,4895,51885.59884,134,2739
121,142,0.356573014,291,20294,51885.59884,134,2739
418,81,0.492886846,9309,11485,134994.9088,156,4383
429,82,0.491487455,11042,4947,134994.9088,141,4287
460,87,0.492922037,8926,9680,134994.9088,159,4549
408,86,0.485670809,10414,4563,134994.9088,108,3782
353,60,0.483455882,15052,3384,58126.24751,46,3662
274,72,0.330786026,4690,1182,23158.27997,13,873
124,138,0.358860934,1035,22831,51885.59884,121,3440
123,136,0.358028091,1035,2839,51885.59884,116,3452
269,110,0.441455696,12591,1103,26470.52405,10,1209
294,120,0.43795036,12746,3753,26470.52405,11,1195
174,58,0.327651515,1872,5612,19795.33566,9,515
242,122,0.467241379,11339,1820,22178.29836,12,1106
152,73,0.487403101,4350,3016,57490.43826,23,2001
581,60,0.51695692,17419,5925,54430.05005,16,1029
581,60,0.51695692,17419,6876,54430.05005,16,1029
527,69,0.50877193,19796,1785,12830.53078,14,1021
123,34,0.449404762,10916,1922,60829.6861,6,322
120,38,0.439628483,10493,2081,60829.6861,6,309
127,39,0.457725948,10493,13891,60829.6861,6,329
53,146,0.357565789,2925,631,40268.92265,42,2883
53,146,0.357565789,2925,829,40268.92265,42,2883
97,122,0.354752343,915,2193,51885.59884,129,2830
94,126,0.354044118,446,23537,51885.59884,117,2579
97,122,0.354752343,915,4144,51885.59884,129,2830
235,70,0.514685315,13827,2529,33995.93147,10,1379
184,65,0.486470927,10774,4056,46896.40678,17,1650
129,47,0.466618808,11041,2301,46896.40678,12,1318
129,47,0.466618808,11041,3754,46896.40678,12,1318
161,58,0.47667087,12342,2446,46896.40678,15,1504
129,47,0.466618808,11041,2764,46896.40678,12,1318
129,47,0.466618808,11041,3720,46896.40678,12,1318
143,54,0.468309859,11999,36734,46896.40678,12,1345
129,47,0.466618808,11041,2258,46896.40678,12,1318
163,61,0.491286863,14521,2242,46896.40678,15,1415
545,109,0.521866546,16641,9419,53812.22095,194,4261
537,111,0.514803358,13052,9432,53812.22095,190,4348
521,112,0.513140009,12757,3439,53812.22095,168,4233
510,111,0.515151515,11051,426,53812.22095,166,4146
584,116,0.52428643,16934,7221,53812.22095,178,3837
547,110,0.517832647,16641,10315,53812.22095,192,4200
542,109,0.523722628,13880,3269,49722.93653,199,4218
521,110,0.525995949,11566,4333,49722.93653,199,4274
542,109,0.523722628,13880,3269,49722.93653,199,4218
567,113,0.524322969,15642,7305,49722.93653,195,3843
520,106,0.530933898,11566,7067,49722.93653,195,4098
489,106,0.508865627,8368,4479,134994.9088,173,4490
514,107,0.511328976,11965,3973,134994.9088,196,4411
507,110,0.510339123,9903,8394,134994.9088,201,4652
472,65,0.483990474,14836,9053,58126.24751,47,3631
113,125,0.312438786,1055,2335,86021.11043,88,1963
117,117,0.332477535,769,4013,86021.11043,107,2238
115,125,0.328251548,769,4988,86021.11043,99,2011
119,121,0.321349148,1328,441,86021.11043,103,2597
569,77,0.502911208,4149,26519,58982.69862,55,2626
898,76,0.496380558,3564,23515,58982.69862,57,2766
381,74,0.503624733,3800,8250,58982.69862,46,2245
621,79,0.499317872,4149,5192,42858.54149,57,2796
1296,77,0.493396226,6233,738,49884.88825,56,3034
1142,77,0.49259376,5077,3082,49884.88825,56,3028
1055,76,0.492881878,2539,17636,58872.21116,54,2478
1249,81,0.493562232,4593,3055,58872.21116,59,2668
1249,81,0.493562232,4593,1156,58872.21116,59,2668
1055,76,0.492881878,2539,9964,58872.21116,54,2478
1249,81,0.493562232,4593,546,58872.21116,59,2668
270,63,0.506502167,9779,1553,134994.9088,50,2896
313,52,0.506858711,14886,9610,34659.66472,101,2833
366,48,0.508562326,11476,8110,34659.66472,98,2437
409,52,0.505983431,6721,3629,49387.2863,168,3158
428,52,0.498972603,10223,7747,49387.2863,147,2828
418,54,0.500846024,10383,2854,49387.2863,127,2865
425,54,0.499310345,9901,816,49387.2863,137,2811
467,53,0.502953062,6123,5123,49387.2863,208,3118
77,79,0.349090909,3790,1725,20821.24615,14,1056
515,79,0.546099291,20698,32598,50716.61358,27,929
335,122,0.52624614,1915,3730,21602.06247,8,2216
75,144,0.344722081,8338,3600,44978.79125,29,1874
104,122,0.487209302,8365,908,48294.13887,19,2815
113,112,0.472464741,8224,1576,48294.13887,12,2383
86,140,0.498356737,6479,3629,48294.13887,21,2890
97,137,0.489361702,8018,2562,48294.13887,24,2974
75,84,0.375563345,3019,2484,41819.70572,7,1822
185,89,0.482409382,4806,603,75810.43776,28,1793
32,46,0.439077936,2002,3126,35491.54168,25,874
276,60,0.512571948,11791,9626,34659.66472,120,3210
291,58,0.517869416,16781,3162,34659.66472,105,2823
273,59,0.515361446,11946,104,34163.0791,124,3226
273,59,0.515361446,11946,104,34163.0791,124,3226
273,59,0.515361446,11946,104,34163.0791,124,3226
273,59,0.515361446,11946,104,34163.0791,124,3226
258,86,0.544357977,9097,598,25722.93911,12,2470
220,96,0.524316649,7753,1870,55277.9273,16,2710
150,103,0.491421029,10650,1949,18022.5886,18,1707
138,108,0.495700774,10897,965,18843.2556,18,1758
138,105,0.493595218,10731,2239,18843.2556,18,1771
138,108,0.495700774,10897,2144,18843.2556,18,1758
146,114,0.491451118,11114,1029,18843.2556,15,1722
142,106,0.493633277,10571,7846,18843.2556,18,1780
156,115,0.486635945,10454,1608,18843.2556,16,1620
146,110,0.491173875,10897,3119,18843.2556,17,1709
138,108,0.495700774,10897,3099,18843.2556,18,1758
138,108,0.495700774,10897,963,18843.2556,18,1758
159,114,0.490753912,10349,4825,18843.2556,16,1571
140,107,0.494156928,10571,2685,18843.2556,18,1816
140,107,0.494156928,10571,5292,18843.2556,18,1816
157,107,0.485964105,11357,975,24944.83827,15,1625
149,107,0.487848785,11386,877,24944.83827,15,1661
149,107,0.487848785,11386,4207,24944.83827,15,1661
148,105,0.493687418,10650,682,24944.83827,16,1724
149,107,0.487848785,11386,2684,24944.83827,15,1661
148,105,0.492637216,11169,4012,24944.83827,16,1674
283,91,0.488262911,32241,2733,32208.65205,20,1628
266,101,0.492018244,26526,936,13899.34926,21,1678
274,91,0.485047847,32534,8834,47945.47016,20,1601
296,95,0.486720198,28215,2127,47945.47016,20,1549
292,89,0.490114464,31545,2663,47945.47016,19,1841
298,93,0.486040609,27884,2062,47945.47016,20,1507
134,72,0.452991453,6601,2225,35286.78995,3,449
136,76,0.455531453,6601,2936,35286.78995,3,442
135,125,0.382517483,11909,756,44978.79125,10,1381
170,43,0.50928382,16581,5382,24590.48557,5,1100
115,74,0.459511568,7358,1026,17751.98874,7,1510
223,90,0.494689771,6026,8209,75810.43776,36,1707
252,90,0.500884956,5602,610,75810.43776,37,1618
1422,73,0.511080711,14991,1448,49884.88825,49,3493
1387,73,0.50014339,18157,8309,49884.88825,44,3340
1357,70,0.495061728,18098,6839,49884.88825,42,3106
1349,72,0.499151584,18157,11742,49884.88825,44,3388
1297,72,0.495602837,18157,2092,49884.88825,39,3375
89,71,0.419023136,7702,1561,21111.77682,8,1500
35,106,0.377029096,1792,4053,35105.88129,74,3078
48,101,0.373539519,1677,8442,35105.88129,52,2747
45,105,0.373663102,1496,69157,35105.88129,63,2824
36,106,0.379695747,1792,17600,35105.88129,72,3035
120,136,0.356888361,940,15289,51885.59884,124,3203
121,138,0.353316327,469,2719,51885.59884,132,2974
121,134,0.35578635,993,12669,51885.59884,124,3208
121,138,0.353316327,469,6175,51885.59884,132,2974
122,141,0.354467709,855,5866,51885.59884,129,3218
1252,74,0.507281553,13647,3154,49884.88825,49,3547
754,80,0.488529015,10470,11191,58126.24751,46,3569
35,103,0.338763776,1309,5421,27829.2449,32,1979
35,103,0.338763776,1309,11109,27829.2449,32,1979
42,105,0.339495041,1143,1899,27829.2449,33,2109
25,92,0.327760669,1330,3704,27829.2449,27,2171
35,103,0.338763776,1309,13318,27829.2449,32,1979
86,89,0.36695279,4927,3783,22107.5451,30,2205
112,92,0.386808511,11119,2018,22107.5451,28,2225
112,92,0.386808511,11119,1129,22107.5451,28,2225
190,78,0.541406946,9562,1711,23624.75283,24,2165
186,80,0.544429409,9562,1876,23624.75283,24,2133
154,63,0.527186761,8755,2168,44202.78123,15,2039
239,65,0.441045252,8794,19632,38110.8177,26,1518
120,93,0.471280603,8121,5191,60114.13685,18,1999
141,88,0.447961631,10813,1719,60114.13685,21,1986
134,87,0.456692913,10196,850,60114.13685,20,2292
110,78,0.461885431,7940,1201,60114.13685,17,2100
134,87,0.456692913,10196,728,60114.13685,20,2292
90,129,0.355883878,1288,2761,40268.92265,89,3647
39,109,0.360415085,992,4836,51885.59884,79,3737
67,119,0.356534802,855,8532,51885.59884,86,3772
88,126,0.353405726,855,33220,51885.59884,90,3837
98,109,0.507592191,5778,3623,48294.13887,10,2329
102,101,0.493994576,4684,1585,28933.52476,10,2170
300,124,0.476090384,22054,4605,32364.83017,18,1829
323,76,0.526589242,12841,4855,34163.0791,157,3178
339,83,0.522901937,12833,6507,34163.0791,169,3158
344,82,0.5221843,12841,33122,34163.0791,174,3128
265,80,0.51497006,8453,3494,49387.2863,143,3729
45,100,0.370967742,1876,19833,35105.88129,35,2451
36,125,0.370382586,5006,18850,35105.88129,35,2864
49,109,0.367890278,4602,31267,35105.88129,26,2345
57,105,0.372453138,4306,15633,35105.88129,25,2324
65,102,0.373483146,4048,15614,20821.24615,24,2116
64,98,0.312807882,1330,23998,27829.2449,42,2732
75,92,0.331466227,1330,2687,24090.92045,65,2910
195,99,0.431174089,17824,1309,12993.74105,9,1405
92,79,0.525633803,8315,1378,19023.37135,15,1685
109,79,0.525188188,10153,1224,30713.91024,16,1662
116,98,0.53724605,14348,4238,30713.91024,17,1713
88,137,0.366776316,1456,4372,40268.92265,97,3445
331,149,0.547873455,8616,3439,92063.85439,30,4575
315,160,0.525166628,5106,1384,92063.85439,30,4148
246,119,0.557257304,5405,3777,92063.85439,18,4096
275,144,0.559229898,7564,272,92063.85439,20,4255
247,122,0.556019485,5405,6365,92063.85439,19,4158
296,154,0.556981296,7501,2764,92063.85439,24,4434
305,156,0.55274984,7030,3060,92063.85439,24,4488
314,152,0.555555556,5699,3852,92063.85439,23,4413
425,43,0.504375497,9022,5505,18597.21201,219,2437
685,77,0.532726238,15036,1002,30970.59425,20,1678
401,96,0.497181266,6134,15782,134994.9088,180,4443
424,96,0.495266148,7731,2826,134994.9088,172,4566
310,78,0.495352926,2429,2719,134994.9088,183,3850
471,96,0.498179612,6401,4130,134994.9088,167,4746
411,101,0.502837018,4554,2008,134994.9088,201,4922
402,93,0.495642702,6134,4060,134994.9088,178,4418
431,98,0.495224252,6109,2579,134994.9088,176,4631
367,89,0.496490831,5258,5059,134994.9088,177,4252
364,92,0.496306246,5474,692,134994.9088,180,4306
479,96,0.498562628,7824,4482,134994.9088,167,4673
381,93,0.501206405,2435,20132,134994.9088,205,4398
339,73,0.49030256,9076,16317,58126.24751,64,3721
339,73,0.49030256,9076,39316,58126.24751,64,3721
317,66,0.500128766,7516,6517,58126.24751,91,3732
137,89,0.543365456,5710,1134,27908.211,9,1275
129,89,0.436130008,13653,2631,43038.28137,14,1269
90,142,0.336650083,4334,19072,32112.02428,52,1731
70,113,0.344066237,3127,3969,32112.02428,62,1045
95,98,0.466460268,11745,613,63564.3509,9,921
1485,70,0.50264403,18674,2455,49884.88825,53,3427
1308,68,0.492081031,10610,1002,58872.21116,47,2590
1374,74,0.488974449,10692,8614,58872.21116,48,2720
298,73,0.466113416,10057,1083,19520.16563,14,1394
68,41,0.529486367,5899,1537,33995.93147,12,1529
70,43,0.528651685,5346,1801,33995.93147,15,1719
64,42,0.534307497,5899,939,33995.93147,12,1522
64,44,0.533859303,5299,3490,33995.93147,12,1470
235,64,0.496409336,13419,1162,13790.51191,12,1071
68,37,0.437213566,6259,4546,46896.40678,7,1029
84,49,0.439541041,5852,3993,46896.40678,7,1070
68,37,0.437213566,6259,1685,46896.40678,7,1029
84,49,0.439541041,5852,6843,46896.40678,7,1070
99,59,0.44966443,9449,3734,46896.40678,7,1129
29,47,0.37254902,10234,3592,63564.3509,11,1123
28,60,0.386299435,10721,5489,63564.3509,9,1357
23,51,0.379146919,9574,2803,63564.3509,8,1211
51,86,0.394199077,7590,2510,63564.3509,14,1453
27,57,0.384223919,10384,1466,63564.3509,10,1128
23,51,0.379146919,9574,1463,63564.3509,8,1211
105,97,0.348150193,1887,1113,51885.59884,76,3446
106,111,0.47696737,2413,2793,17671.14532,13,2014
111,117,0.472622478,2491,3500,15632.00087,14,2010
145,110,0.4726127,6517,1903,28753.57343,17,2002
134,109,0.470389986,5833,676,28753.57343,16,2009
118,120,0.476049383,3938,2481,28753.57343,14,1958
289,110,0.440993789,12054,1510,25895.42956,10,1077
1463,84,0.498813157,19643,2090,49884.88825,40,2833
1428,82,0.496596324,20783,3685,49884.88825,39,2820
1394,80,0.496432212,19643,1920,49884.88825,39,2825
484,100,0.512269939,10952,2744,53812.22095,143,3756
446,96,0.502824859,11190,1716,134994.9088,122,3733
126,100,0.440649496,4466,2435,27016.92851,12,1735
278,51,0.447558046,7719,1012,118938.5837,9,1192
256,73,0.419664269,10764,3760,18178.5695,10,1582
155,78,0.367887324,8218,3482,40993.88901,15,1596
160,75,0.368134856,8579,4226,28056.87549,14,1658
170,72,0.358234295,8636,6875,28056.87549,14,1591
210,164,0.460133901,27843,3860,22681.831,14,1580
568,64,0.544274809,16100,6066,54430.05005,20,1243
568,64,0.544274809,16100,968,54430.05005,20,1243
522,58,0.533834586,17780,663,54430.05005,17,1007
116,62,0.50162022,6745,1594,16432.31839,13,1452
217,104,0.50797546,5190,3348,22488.12742,11,772
305,80,0.542469665,15845,386,26698.17565,10,1347
279,73,0.534639608,11677,4093,55277.9273,10,1371
192,61,0.527302813,8622,1020,25722.93911,9,1740
175,47,0.539202201,7970,962,25722.93911,7,1400
1275,53,0.495365006,13776,33414,58872.21116,30,1642
84,86,0.562724014,6952,2179,52514.0342,6,1066
336,138,0.536517634,2758,6797,92063.85439,21,3445
149,50,0.43745728,1540,10056,23078.81627,12,1409
171,61,0.435972061,2947,2850,23078.81627,17,1654
117,65,0.387129724,8391,7603,118938.5837,13,1856
117,65,0.387129724,8391,5045,118938.5837,13,1856
117,65,0.387129724,8391,12026,118938.5837,13,1856
113,57,0.385866802,8093,4818,118938.5837,15,1863
113,57,0.385866802,8093,6361,118938.5837,15,1863
113,57,0.385866802,8093,1433,118938.5837,15,1863
113,57,0.385866802,8093,9826,118938.5837,15,1863
302,55,0.473878872,3869,1318,30883.73348,16,2097
310,52,0.47824116,13677,8079,30883.73348,13,2142
297,51,0.47631935,4167,1171,30883.73348,13,2153
302,55,0.473878872,3869,394,30883.73348,16,2097
310,55,0.475286849,13001,7179,27768.72215,16,2202
229,72,0.502578797,6066,5644,134994.9088,69,3364
398,72,0.493216281,9248,1032,58126.24751,58,3614
202,103,0.482077542,16188,4262,21563.97656,16,1302
418,57,0.501783265,7105,10528,52943.28146,292,3540
436,60,0.502490315,7360,11311,52943.28146,307,3511
433,58,0.504887715,5601,5235,52943.28146,302,3675
362,52,0.507042254,7155,12047,53069.27567,265,2969
384,54,0.504265961,9263,9462,49970.30897,253,3304
237,100,0.487368421,5006,4060,75810.43776,37,1813
269,100,0.491237113,7797,3896,75810.43776,39,1854
248,101,0.48994709,6800,6854,75810.43776,38,1808
124,58,0.586826347,3865,4769,33820.49488,7,1298
287,38,0.530015798,19026,13416,34426.55575,18,1234
12,42,0.361022364,2648,6099,118938.5837,13,884
17,42,0.36437613,3640,2354,118938.5837,13,1040
17,43,0.366438356,2774,850,118938.5837,13,1098
20,46,0.364273205,3902,5871,118938.5837,13,1074
102,61,0.470930233,9506,593,33645.9877,8,655
501,44,0.513368984,5904,12326,18597.21201,278,3266
507,50,0.505678592,5263,3212,18597.21201,291,3420
520,51,0.510805501,5732,27602,53069.27567,299,3952
76,131,0.534457478,3731,738,34321.39937,18,2456
75,128,0.539653264,3731,893,34321.39937,17,2431
78,123,0.541981846,3731,2245,34321.39937,17,2395
71,132,0.546915888,5212,738,34321.39937,18,2393
53,122,0.530909091,4385,4792,34321.39937,16,1985
53,122,0.530909091,4385,2507,34321.39937,16,1985
89,105,0.518784972,3731,797,20675.0014,16,2291
88,99,0.541401274,3731,820,11110.7312,15,2009
88,96,0.544596508,4418,574,11110.7312,15,1930
493,34,0.508152174,7471,547,18597.21201,247,2498
520,44,0.518460576,5515,2469,53069.27567,267,3111
173,58,0.537344398,7107,1938,23320.92604,13,1390
427,72,0.505997819,7679,786,42858.54149,58,2631
656,75,0.535923363,13892,2382,30970.59425,17,1791
330,110,0.523375143,4496,2017,27511.30988,9,1708
311,65,0.305333333,12314,7186,31098.29863,9,716
234,78,0.513355998,15166,3048,20626.42224,14,1984
219,74,0.510859301,11622,565,20626.42224,14,2039
200,80,0.511170688,8259,1712,23937.25458,14,2157
178,77,0.512248469,8259,851,23937.25458,14,2204
291,85,0.514184397,16166,1815,36338.43718,13,2173
215,84,0.514249256,10482,4356,36338.43718,13,2268
236,84,0.513870542,10779,1130,36338.43718,13,2189
292,86,0.515285778,16166,1027,36338.43718,13,2174
329,143,0.538333333,3675,2155,92063.85439,20,3444
287,126,0.532317073,3258,1558,92063.85439,21,3129
254,126,0.52627866,2345,3201,92063.85439,20,2697
300,127,0.539038622,4542,3172,92063.85439,21,3440
286,125,0.53294335,3258,960,92063.85439,21,3097
262,129,0.521595681,2584,2117,92063.85439,21,3179
204,118,0.508436945,2112,2519,18817.68998,14,2132
384,90,0.521904762,12177,1709,75810.43776,34,1497
115,67,0.56269302,2957,8072,26465.70576,10,3134
400,92,0.494960806,11190,3900,134994.9088,75,3426
196,90,0.549712771,10140,1401,64012.98508,30,2158
196,89,0.550903482,10140,947,64012.98508,30,2164
197,88,0.549717759,10140,2307,64012.98508,31,2196
197,87,0.550303556,10140,1401,64012.98508,31,2199
196,90,0.549712771,10140,906,64012.98508,30,2158
226,94,0.553372041,17281,4964,23689.09175,29,2144
308,91,0.485466914,13133,3268,31575.54927,17,1559
303,92,0.481920569,13793,4345,31575.54927,14,1624
310,104,0.455246914,8736,7737,22618.54494,21,1866
166,65,0.504225352,2378,2793,52943.28146,87,3101
202,72,0.506828979,1921,616,52943.28146,110,3274
352,78,0.445721584,13208,912,42257.62962,12,1494
247,84,0.442307692,9832,1664,42257.62962,8,1334
247,84,0.442307692,9832,1664,42257.62962,8,1334
272,82,0.445280438,9832,1408,55247.40565,9,1391
364,76,0.42462845,10297,2649,35286.78995,10,1343
360,81,0.409431138,10984,3953,35286.78995,10,1269
360,78,0.413121846,10297,8515,35286.78995,10,1317
123,95,0.504165014,1622,462,21672.99278,14,2436
122,90,0.504746835,1622,2799,21672.99278,14,2439
118,91,0.504556752,2268,2463,30211.60385,15,2324
450,67,0.552924791,20928,1094,25847.2077,23,665
471,70,0.56,17304,2178,50716.61358,21,843
50,50,0.516649849,390,2879,42482.92615,3,948
51,51,0.515037594,390,2473,42482.92615,3,1016
271,139,0.545340446,7709,2243,64012.98508,38,3027
268,123,0.535338785,7544,675,64012.98508,38,3250
271,133,0.54076993,7544,2224,64012.98508,39,3133
239,134,0.553340716,9028,4349,64012.98508,34,2577
224,117,0.551632498,9623,5665,64012.98508,31,2502
235,128,0.552799699,9623,2718,64012.98508,32,2529
265,140,0.552874379,9414,3808,23689.09175,36,2680
274,139,0.55184412,9414,5845,23689.09175,36,2733
248,132,0.553207267,10384,2128,23689.09175,36,2565
296,141,0.554977228,7912,1103,23689.09175,38,2923
306,145,0.544710518,9451,3472,92063.85439,37,3142
281,135,0.535837156,7544,2447,92063.85439,39,3311
278,135,0.54095919,8474,3783,92063.85439,39,3188
288,141,0.552606635,8474,3975,92063.85439,38,3008
284,137,0.531139516,7544,2872,92063.85439,40,3491
293,140,0.554171856,8474,3228,92063.85439,38,3053
272,142,0.552493438,8282,6920,92063.85439,37,2896
101,130,0.355515277,1288,10910,40268.92265,107,3653
266,48,0.308231173,10290,484,31098.29863,6,546
256,111,0.482280431,19414,2811,34991.12653,10,1246
286,119,0.48820059,21657,2967,34991.12653,11,1293
772,63,0.500811249,8711,14399,58872.21116,42,1753
158,108,0.48004315,21644,2614,41420.82633,9,897
212,68,0.504973946,2561,3124,49387.2863,149,4101
21,67,0.377483444,0,26373,6177.561535,38,149
37,116,0.362458725,1288,1081,35105.88129,81,3717
31,99,0.355704698,855,4927,51885.59884,74,3670
34,99,0.356327801,992,8918,51885.59884,76,3647
35,101,0.356867779,992,3285,51885.59884,76,3683
24,48,0.464285714,2210,8015,27407.09329,7,673
246,70,0.566037736,13746,1132,24355.68359,7,821
91,141,0.500473335,5864,1630,11153.65005,24,2806
36,118,0.49070632,1495,3502,72929.04225,18,2162
55,148,0.504030958,2605,755,72929.04225,22,2777
43,147,0.508196721,2759,1167,72929.04225,21,2630
29,93,0.488553881,1495,3321,72929.04225,16,1601
62,141,0.503261579,4291,3821,72929.04225,22,2741
22,99,0.493846154,454,2327,72929.04225,14,1734
45,154,0.52182385,2744,3152,72929.04225,20,2303
53,151,0.521503433,3299,3630,72929.04225,19,2464
36,116,0.497107438,454,1578,72929.04225,15,2150
45,154,0.52182385,2744,4536,72929.04225,20,2303
43,150,0.50541161,2759,1838,72929.04225,21,2743
43,150,0.50541161,2759,1867,72929.04225,21,2743
43,149,0.506781343,2759,3792,72929.04225,21,2722
49,151,0.50371567,3346,875,72929.04225,21,2790
49,151,0.50371567,3346,963,72929.04225,21,2790
22,89,0.481696688,454,3077,72929.04225,12,1525
61,144,0.501471069,3849,4908,72929.04225,22,2734
32,110,0.493927126,1859,2809,72929.04225,17,1769
22,79,0.472396487,454,3077,72929.04225,12,1413
36,118,0.49070632,1495,3517,72929.04225,18,2162
56,142,0.499327957,2605,490,72929.04225,21,2664
67,136,0.501192504,4129,963,72929.04225,22,2615
30,108,0.486676017,0,3395,72929.04225,14,1909
49,110,0.518129771,3953,899,72929.04225,15,1887
43,104,0.511036468,3953,4010,72929.04225,14,1875
28,105,0.494921514,454,3319,72929.04225,14,1921
62,145,0.499516597,4291,788,72929.04225,21,2771
48,149,0.507909795,2759,2188,72929.04225,20,2671
52,140,0.502996005,2605,694,72929.04225,22,2692
40,140,0.507262164,2099,4066,72929.04225,19,2468
42,132,0.498897869,2365,3080,72929.04225,18,2449
27,86,0.472367656,1283,9254,72929.04225,11,1525
32,73,0.48240563,154,3375,72929.04225,12,1415
119,120,0.35229992,1594,1490,51885.59884,95,3576
119,120,0.35229992,1594,14993,51885.59884,95,3576
164,54,0.453891432,10260,14551,54974.84818,25,1467
126,41,0.486238532,23695,3237,54974.84818,23,825
117,88,0.544224766,7682,722,34321.39937,12,1750
118,94,0.548288196,8948,1538,34321.39937,9,1779
117,88,0.544224766,7682,910,34321.39937,12,1750
85,84,0.531455962,11839,827,32500.0954,19,1598
190,78,0.468508287,17897,2224,30733.40349,6,862
172,54,0.539272031,8852,4157,24113.64599,9,1008
275,125,0.48985115,23202,4041,37557.40959,25,1415
206,66,0.503785673,9258,1580,55277.9273,10,1641
43,86,0.345147219,1741,1620,22107.5451,29,1733
304,91,0.502115656,28146,644,17767.94461,14,1365
570,71,0.506375228,18620,4853,12830.53078,9,1037
248,161,0.450937155,28589,5014,13403.46526,16,1742
248,161,0.450937155,28589,3730,13403.46526,16,1742
44,54,0.322946176,1858,2078,18350.56273,22,347
196,104,0.473407364,18346,1145,17389.64383,14,1643
285,145,0.480386889,24135,1940,17389.64383,22,1785
173,111,0.522036002,4202,2167,19314.25885,7,1541
143,114,0.48943948,11895,2631,18843.2556,14,1896
145,112,0.485585586,9971,3759,18843.2556,14,1675
142,113,0.488739629,11895,2144,18843.2556,14,1961
145,113,0.487341772,9971,5153,18843.2556,14,1667
145,113,0.487341772,9971,5153,18843.2556,14,1667
150,116,0.492129246,11895,5287,18843.2556,14,1850
216,158,0.459330144,28963,2236,22681.831,14,1608
202,152,0.456077016,25891,2319,22681.831,14,1597
90,143,0.488721805,6665,1251,11153.65005,25,2924
90,143,0.497063369,5864,2053,11153.65005,24,2856
139,95,0.3912265,12738,7045,9397.051812,24,2116
154,96,0.396446419,18440,916,9397.051812,17,1717
132,99,0.391011236,12738,4486,9397.051812,24,2108
113,89,0.380244755,10137,3703,22107.5451,28,2166
150,90,0.561038961,4208,821,28933.52476,7,1431
368,66,0.540169824,11871,902,18042.05803,13,1472
85,101,0.570030896,3676,4652,11110.7312,14,1770
151,65,0.368772783,8147,1005,28056.87549,11,1479
151,65,0.368772783,8147,6701,28056.87549,11,1479
145,68,0.370306181,8147,6157,28056.87549,11,1558
159,67,0.364647713,8147,2376,28056.87549,11,1449
159,67,0.364647713,8147,2376,28056.87549,11,1449
145,119,0.490130197,11760,4174,18843.2556,18,1816
134,104,0.476341808,11803,2040,18843.2556,13,2242
212,93,0.524076148,9094,1157,36338.43718,15,1732
209,80,0.446373851,3006,1483,25603.0493,18,1889
110,115,0.464961068,4625,2024,28753.57343,16,1743
46,117,0.32718894,1360,7716,21120.45679,31,1444
101,116,0.468688845,1037,2956,15632.00087,12,1978
105,118,0.468534907,1037,1082,15632.00087,11,1968
119,92,0.394698795,16041,4462,12753.44077,18,1984
35,123,0.367909664,1288,5181,35105.88129,83,3591
40,119,0.375251799,1863,3649,35105.88129,72,3273
40,115,0.375,3052,2765,35105.88129,64,2995
74,82,0.490950226,5965,1094,32500.0954,14,1257
85,85,0.497245869,5018,2800,32500.0954,16,1903
158,92,0.393075356,19008,291,9454.241349,15,1878
113,88,0.504142012,2618,3882,21672.99278,14,2448
80,72,0.541054451,8295,2476,19674.05146,13,1117
203,70,0.531296205,3407,791,25722.93911,10,1949
471,66,0.56978233,23790,242,25847.2077,18,729
471,66,0.56978233,23790,953,25847.2077,18,729
474,64,0.553438277,24690,21432,50716.61358,19,1142
194,124,0.447037702,19881,704,28878.15314,18,1609
41,93,0.354140915,1346,300,8553.058892,33,1525
130,79,0.555049787,3265,1657,26465.70576,11,3399
61,113,0.307973665,1482,1086,27829.2449,36,2626
416,64,0.453063885,15252,905,35286.78995,17,1466
130,106,0.448214286,12029,2517,19006.12565,19,2106
128,94,0.468720822,7381,1684,19006.12565,19,2002
130,106,0.448214286,12029,19019,19006.12565,19,2106
173,100,0.433537832,1542,1419,25464.58186,6,1417
85,87,0.509752926,13583,644,20746.05601,14,1487
66,116,0.358068615,1288,6053,40268.92265,86,3719
66,116,0.358068615,1288,1315,40268.92265,86,3719
66,116,0.358068615,1288,991,40268.92265,86,3719
112,101,0.352287413,1594,989,51885.59884,78,3675
96,110,0.350751787,1321,7452,51885.59884,82,3851
44,100,0.345852895,1346,861,8553.058892,34,1204
258,63,0.472332016,9929,5680,54974.84818,28,1949
258,63,0.472332016,9929,12747,54974.84818,28,1949
201,60,0.467862481,2580,35277,54974.84818,27,1934
258,63,0.472332016,9929,19247,54974.84818,28,1949
258,63,0.472332016,9929,16546,54974.84818,28,1949
66,78,0.373762376,2767,3824,29101.06209,45,778
59,72,0.35450517,1177,4693,29101.06209,51,652
57,74,0.364656381,1177,2147,29101.06209,49,686
83,78,0.414193548,6920,1314,3977.951215,25,732
88,82,0.391472868,436,2966,32026.19779,42,746
152,95,0.41778697,4093,2788,32026.19779,37,932
78,146,0.364427861,1606,11010,40268.92265,91,3036
87,147,0.328433624,3728,3999,40268.92265,55,2069
78,136,0.34228703,3232,1256,40268.92265,68,2480
88,143,0.337719298,3591,2694,40268.92265,61,1738
47,101,0.370292887,2707,8521,35105.88129,24,2263
46,100,0.37583366,1496,4313,35105.88129,41,2399
23,61,0.360617243,1081,2295,13854.49042,55,2821
21,46,0.346855984,1268,1942,13854.49042,40,2362
152,87,0.407460545,23142,5208,9454.241349,13,1996
129,93,0.408374384,18147,3621,12753.44077,18,1940
109,127,0.390350877,9809,872,10053.93561,13,1749
87,92,0.36681762,8278,44430,22107.5451,29,2302
121,100,0.385941043,13164,3942,10456.62387,26,2101
121,100,0.385941043,13164,3913,10456.62387,26,2101
106,97,0.375609756,11946,9067,9397.051812,27,2142
35,55,0.439516129,400,1025,12247.28031,9,727
94,95,0.385185185,3107,840,20821.24615,19,1677
91,49,0.442446043,10794,2010,13865.29669,4,1060
35,29,0.358974359,9933,3688,25473.53184,7,297
35,53,0.442783209,1501,4103,14473.70103,16,1682
32,72,0.438706312,1609,8306,14473.70103,24,1853
37,48,0.437080537,1218,14227,16070.87946,9,1155
33,39,0.423259494,1501,1979,9558.739677,5,1224
111,113,0.393442623,7527,3036,21621.5139,15,1171
95,111,0.392857143,7527,2097,21621.5139,16,1158
102,77,0.380630631,3179,436,21621.5139,17,1277
88,106,0.383347073,6498,1798,21621.5139,15,1167
97,108,0.393211921,7527,2295,21621.5139,15,1162
88,107,0.386513158,7527,1385,21621.5139,15,1170
26,53,0.393755421,8839,11900,63564.3509,9,1104
25,55,0.380804954,9574,1294,63564.3509,9,1235
26,54,0.395989975,8839,4308,63564.3509,10,1146
29,46,0.379837067,10238,1241,63564.3509,9,943
35,52,0.436595745,2580,5199,35491.54168,32,1133
28,45,0.428979981,2002,2163,35491.54168,25,1010
36,63,0.443946188,1760,2168,35491.54168,33,1074
35,55,0.43488746,2580,3982,35491.54168,32,1200
246,115,0.434068512,26901,1448,13403.46526,15,2051
142,123,0.438672439,11376,1634,24563.25841,15,1324
140,124,0.437967115,12440,4734,24563.25841,15,1279
138,125,0.439371257,12558,2222,24563.25841,15,1277
29,61,0.498905908,2936,702,24563.25841,12,874
264,167,0.489862125,32316,1945,17514.59433,12,1191
242,172,0.463367609,31244,5000,17514.59433,14,1493
235,169,0.467565832,29699,555,17514.59433,14,1495
235,177,0.46875,33292,2484,13768.56088,10,1077
151,127,0.525997582,20744,3695,11866.66398,4,802
80,67,0.416528926,6598,3015,21111.77682,7,1164
64,46,0.439146801,5442,10370,21111.77682,5,770
73,64,0.411007863,5865,7602,21111.77682,7,1348
71,52,0.430446194,5924,3725,21111.77682,5,733
49,56,0.413821815,4111,13044,21111.77682,6,1158
88,76,0.434065934,5485,2578,20560.19923,6,1718
89,86,0.441421433,6304,1889,20560.19923,8,1733
134,83,0.530730897,15333,719,19674.05146,12,1166
30,49,0.54,2545,1283,19674.05146,11,867
28,32,0.521159875,2771,8989,19674.05146,11,1238
131,91,0.408235892,18135,2043,28878.15314,18,1881
131,91,0.408235892,18135,4487,28878.15314,18,1881
192,118,0.447510498,14399,1457,28878.15314,18,1604
195,165,0.479185939,26821,4654,18036.51486,10,1051
137,112,0.472916667,20080,2546,26677.27886,9,934
176,73,0.355990783,8900,5886,40993.88901,14,1562
138,58,0.335380835,4776,522,40993.88901,13,778
116,71,0.358278146,4716,1454,40993.88901,16,1381
75,64,0.363445378,3225,1207,40993.88901,13,1352
81,66,0.369788107,4957,748,40993.88901,14,1374
81,66,0.369788107,4957,884,40993.88901,14,1374
81,66,0.369788107,4957,928,40993.88901,14,1374
81,66,0.369788107,4957,1088,40993.88901,14,1374
80,65,0.368891948,4628,2182,40993.88901,14,1369
62,61,0.388832487,2190,1660,19677.17733,12,949
165,95,0.328519856,0,3063,16595.98649,12,809
132,76,0.32304038,966,838,15798.86142,17,820
281,59,0.31557377,4976,1937,19795.33566,8,473
177,37,0.319148936,7334,3102,31098.29863,4,449
177,37,0.319148936,7334,692,31098.29863,4,449
60,31,0.404411765,8274,2508,33973.95061,6,130
175,30,0.338278932,6377,1117,19131.085,5,635
174,31,0.358208955,7525,1015,19131.085,6,627
190,41,0.355081556,9016,1286,19131.085,9,735
176,66,0.347851003,8474,3299,23329.60797,14,1567
183,56,0.324,8257,3783,23329.60797,14,1331
179,66,0.346696781,8738,13970,23329.60797,14,1594
183,56,0.324,8257,10684,23329.60797,14,1331
171,70,0.360306178,7901,2100,28056.87549,12,1648
135,47,0.342063492,7648,948,28056.87549,9,1107
175,71,0.358846367,7901,2200,28056.87549,12,1624
126,75,0.372691934,6663,1861,28056.87549,12,1872
131,67,0.368309486,7491,2791,28056.87549,12,1715
130,70,0.3722334,7693,1871,28056.87549,12,1809
130,70,0.3722334,7693,2879,28056.87549,12,1809
121,32,0.362694301,5689,1434,28056.87549,7,825
174,67,0.356086462,7901,5487,28056.87549,12,1582
129,69,0.37283825,7693,2200,28056.87549,12,1789
100,68,0.483606557,5597,4833,20116.34637,14,1257
101,66,0.496366279,5757,3185,20116.34637,13,1289
90,77,0.505726872,5677,1536,20116.34637,13,1058
104,67,0.496413199,5896,3077,20116.34637,13,1306
106,65,0.4978602,6161,6639,20116.34637,13,1314
106,68,0.49010989,5597,4464,20116.34637,14,1277
128,63,0.495460441,7913,2941,17915.96462,11,1452
99,65,0.484066768,5597,2678,19023.37135,14,1234
90,76,0.525921659,10749,1400,19023.37135,16,1665
133,92,0.453282828,14766,2762,43038.28137,14,1522
131,96,0.45770202,14878,921,43038.28137,13,1520
89,78,0.461073826,6256,4447,43038.28137,14,1415
74,77,0.488202247,5195,1823,32500.0954,14,1696
90,82,0.470638298,4468,3433,32500.0954,11,1111
135,74,0.521060842,13560,472,30713.91024,14,1830
232,72,0.502250804,9147,967,33995.93147,8,1502
104,61,0.530416222,6582,1250,33995.93147,16,1813
100,56,0.503687316,5263,892,22158.3917,9,1277
98,66,0.503959683,5894,4387,22158.3917,9,1311
84,53,0.510522214,5263,723,22158.3917,9,1211
116,87,0.513256288,14366,1973,21634.83018,15,1426
119,55,0.4625,4082,683,15599.1856,5,858
110,66,0.458909091,9110,2191,17751.98874,5,1338
95,73,0.487051793,11517,1043,17713.32909,5,971
16,47,0.538461538,6606,2753,32918.18862,3,49
214,85,0.44893617,14773,2528,15909.35032,13,910
206,75,0.430327869,17714,492,15909.35032,12,709
144,55,0.489711934,17491,1278,15909.35032,5,235
115,84,0.445217391,5222,1196,24959.37612,7,1672
127,103,0.44759938,6308,1402,24959.37612,9,1883
108,67,0.458333333,3882,2173,18553.493,6,1397
167,91,0.462154294,8785,1552,38398.03374,10,1331
105,97,0.415657789,9651,3174,14918.87422,11,1180
109,102,0.422736555,8309,1993,14918.87422,8,1395
347,132,0.503782148,24875,740,13067.23319,15,629
319,133,0.4869326,23585,3961,17723.4327,7,692
108,104,0.443983402,7469,921,17723.4327,8,455
65,85,0.441048035,4518,1592,14397.35925,5,433
304,128,0.515592516,32078,1513,31444.23906,9,914
334,120,0.480651731,30942,5998,19015.55315,10,1408
309,122,0.482636428,26368,3347,19015.55315,12,1345
297,118,0.491052255,22337,870,19015.55315,11,1333
334,120,0.480651731,30942,14132,19015.55315,10,1408
334,120,0.480651731,30942,3417,19015.55315,10,1408
334,120,0.480651731,30942,1264,19015.55315,10,1408
159,81,0.462365591,12337,2684,22831.5909,10,716
112,124,0.563352827,13511,15466,18657.88758,6,489
124,117,0.525201613,10307,3207,6622.388197,5,944
197,105,0.447067784,8409,1318,26470.52405,13,1256
199,104,0.433042213,6419,1361,26470.52405,34,1312
238,115,0.44722855,11000,1204,26470.52405,35,1261
251,118,0.496921724,21212,268,34226.22895,9,1085
93,135,0.529230769,16934,2594,13104.75787,6,304
99,134,0.540616246,10194,2294,13104.75787,6,337
99,119,0.46787042,745,531,15632.00087,10,1820
98,120,0.468599034,745,835,15632.00087,10,1800
147,120,0.48716303,745,1843,21000.83161,6,1495
135,105,0.529891304,7916,595,21000.83161,5,1056
299,108,0.485526316,25427,1562,25681.43861,11,1459
233,111,0.537564767,22267,530,19119.18042,6,743
214,112,0.549418605,22776,2095,19119.18042,6,661
290,86,0.49010989,24354,1778,19119.18042,7,1314
313,96,0.468343452,17150,2305,16588.93994,17,1102
258,97,0.497164461,17426,1753,12508.72012,13,1014
279,105,0.492671928,18963,1813,12508.72012,18,846
164,93,0.533333333,15360,1330,24802.59456,16,1255
147,93,0.546687949,18924,2363,24802.59456,12,1204
207,88,0.466833542,19451,6895,21363.76051,10,766
208,81,0.473951715,20903,3063,21363.76051,10,751
199,85,0.464566929,19451,2693,21363.76051,10,728
189,72,0.469476744,24820,1893,21363.76051,9,654
151,100,0.499122807,6186,2507,25801.91421,16,1102
215,73,0.474784748,28597,1256,26965.18256,12,776
227,87,0.458333333,23340,1378,26965.18256,17,799
79,44,0.460385439,18453,1622,26965.18256,1,441
292,90,0.487855656,20814,2016,19830.94336,18,1384
114,113,0.542435424,17307,5287,21161.56927,5,771
101,133,0.534246575,21145,2649,21161.56927,7,690
85,120,0.520861373,17973,3142,21161.56927,6,707
111,101,0.536842105,14204,1166,17177.67758,4,274
124,108,0.474452555,21640,991,21882.43152,8,522
124,108,0.474452555,21640,3336,21882.43152,8,522
101,110,0.455536913,17972,1748,21882.43152,7,1142
180,116,0.480753481,18190,767,40842.28185,7,1181
149,89,0.475915222,31850,1421,14789.86016,13,486
156,95,0.49,34315,3055,14789.86016,14,468
157,96,0.49,34620,869,14789.86016,13,467
154,98,0.480225989,34123,1689,14789.86016,13,496
572,85,0.509265614,25862,2580,15255.92453,13,1404
556,87,0.515106853,24413,2565,15255.92453,12,1308
183,80,0.525525526,20552,1611,34583.80004,5,643
210,78,0.525672372,24851,1600,17767.94461,9,1179
217,81,0.52173913,28485,1483,15324.43426,6,707
294,94,0.492546986,27673,3089,47945.47016,20,1476
296,95,0.488286067,28215,4057,47945.47016,20,1552
187,90,0.467391304,32024,644,47945.47016,18,1140
262,99,0.49370444,27610,2883,47945.47016,18,1442
266,95,0.491041805,23969,2720,47945.47016,18,1437
248,92,0.479135618,26268,419,47945.47016,17,1283
266,95,0.491041805,23969,7787,47945.47016,18,1437
248,92,0.479135618,26268,492,47945.47016,17,1283
187,90,0.467391304,32024,2139,47945.47016,18,1140
248,92,0.479135618,26268,468,47945.47016,17,1283
269,96,0.486184211,26160,1295,47945.47016,20,1450
131,65,0.459677419,30736,1370,47945.47016,7,575
150,72,0.529946929,15157,2254,21672.20931,13,1261
194,88,0.543824701,11940,930,21672.20931,11,1445
131,67,0.523290387,15157,2639,21672.20931,12,966
252,123,0.541591861,9816,2446,12563.15445,10,1607
247,97,0.531951641,4944,776,21740.24438,7,1117
158,79,0.538865546,3919,1114,11706.96044,5,920
146,40,0.452887538,11699,1061,60829.6861,6,316
112,52,0.445121951,8254,5346,60829.6861,7,314
167,71,0.508403361,6418,2721,60829.6861,9,460
295,129,0.524776119,11131,1924,23417.87961,7,1616
246,125,0.53583169,7696,2179,23417.87961,9,1465
270,113,0.532317073,5322,1226,39979.50338,7,1585
289,117,0.528448629,3446,1835,39979.50338,15,2386
268,115,0.528616025,5286,1098,39979.50338,13,1855
124,117,0.359583952,11484,2127,15454.65234,17,659
124,51,0.478036176,9329,1153,20961.26048,10,747
137,63,0.47815231,10966,3663,20961.26048,7,777
135,70,0.476190476,10362,3353,20961.26048,9,773
158,87,0.52388664,18156,3604,7156.31802,4,1178
226,107,0.53385214,14142,1201,17611.706,5,1223
192,95,0.518154312,18350,4164,17611.706,3,1261
240,110,0.527855153,14606,1161,17611.706,5,1372
287,101,0.530334728,20152,1687,13650.7702,5,929
256,87,0.529218647,14127,984,32931.6198,9,1467
174,81,0.584435798,18958,1291,36864.16473,12,1230
151,81,0.591341991,16608,3053,36864.16473,11,1114
263,127,0.517154812,4667,723,64012.98508,32,3399
170,88,0.492688414,1426,3710,34418.83947,18,1671
105,82,0.435840708,2693,2752,34418.83947,9,427
150,85,0.496535797,6121,1247,34418.83947,9,806
185,100,0.518413598,10300,2405,34418.83947,6,991
179,102,0.510095643,9384,1747,34418.83947,9,877
133,83,0.498847926,6121,1694,34418.83947,9,808
232,86,0.483253589,15115,7824,32364.83017,12,1609
206,59,0.489151874,13876,7798,32364.83017,3,1464
333,153,0.555395683,13775,2791,23689.09175,35,2646
273,95,0.55133246,18862,6179,23689.09175,28,2187
250,95,0.551856594,18020,1228,23689.09175,30,2237
229,107,0.552134647,12445,306,23689.09175,31,2324
229,107,0.552134647,12445,306,23689.09175,31,2324
217,92,0.553978495,17837,577,23689.09175,29,2220
257,96,0.551605996,18246,824,23689.09175,30,2229
197,90,0.551649306,10305,3625,23689.09175,30,2197
212,95,0.551504875,12114,2719,23689.09175,30,2249
360,147,0.554846939,12625,634,16952.0564,32,2991
284,118,0.538388626,15380,4425,16952.0564,16,2024
138,83,0.5788761,11829,4294,16952.0564,5,1424
247,129,0.546275946,3631,2474,92063.85439,17,3951
325,150,0.545514512,7276,2725,92063.85439,30,4354
329,153,0.535024697,6659,3565,92063.85439,28,4257
96,68,0.548343475,3265,1764,26465.70576,10,2858
96,68,0.548343475,3265,4932,26465.70576,10,2858
165,111,0.494493392,2778,17159,18817.68998,8,1728
171,86,0.543676662,7890,1538,33645.9877,9,728
86,90,0.565602837,6952,11533,52514.0342,8,1078
45,66,0.543269231,4174,11734,52514.0342,7,993
30,82,0.556325823,4638,9075,52514.0342,7,1100
85,81,0.555966698,7813,3233,52514.0342,6,1034
32,82,0.556709957,5376,3825,52514.0342,7,1101
84,85,0.558160505,6952,2341,52514.0342,6,1059
47,82,0.555276382,4747,5879,52514.0342,7,1140
109,86,0.563152896,7600,4918,52514.0342,6,1007
95,86,0.557674841,7813,3825,52514.0342,8,1052
233,124,0.474594595,20914,1911,17389.64383,17,1776
228,97,0.478642481,17873,845,17389.64383,13,1642
163,96,0.474069555,17663,3481,17389.64383,13,1575
344,150,0.54210749,8078,1425,25660.57992,38,4524
330,146,0.545108377,9151,1818,25660.57992,37,3264
110,69,0.585132743,5422,2780,25660.57992,9,2737
326,147,0.548927477,8671,2914,25660.57992,30,4690
102,67,0.573015354,5486,7305,25660.57992,8,2966
338,150,0.546594541,9311,1266,25660.57992,37,3901
341,152,0.543855422,9311,4049,25660.57992,37,3983
249,134,0.486318408,20479,2143,37557.40959,25,1536
142,115,0.430142303,12837,3063,37557.40959,9,1496
142,115,0.430142303,12837,3063,37557.40959,9,1496
287,135,0.488721805,27613,1071,37557.40959,26,1529
769,72,0.532630191,15408,7567,54430.05005,21,1440
544,63,0.51835536,13031,3299,19790.66068,6,658
247,58,0.510009533,10938,3629,16583.60086,10,1011
178,65,0.471264368,4339,1516,13340.90472,8,1511
158,67,0.526932084,14188,1146,15513.83069,4,820
145,61,0.523867809,10510,1025,15513.83069,4,782
505,82,0.554621849,19443,2536,18042.05803,14,1243
662,92,0.548175182,23167,3311,18042.05803,15,1297
859,83,0.533452808,17294,2005,18042.05803,19,1596
509,78,0.555470543,16634,2190,18042.05803,15,1241
686,75,0.523648649,18315,1514,12830.53078,15,1112
300,66,0.56097561,20223,2598,37988.80625,9,1059
289,61,0.535820896,16386,1552,37988.80625,9,1291
259,81,0.561922366,19561,1451,37988.80625,7,1034
87,53,0.607476636,9648,1206,37988.80625,2,307
551,57,0.508196721,19862,1899,17427.77924,7,691
553,67,0.529100529,16692,1061,17427.77924,9,715
874,84,0.536279683,21159,1708,17427.77924,18,1431
888,79,0.535795455,23980,2822,17427.77924,19,1664
517,61,0.547477745,23304,654,20349.01489,8,635
484,91,0.575147929,26109,601,20349.01489,10,802
532,98,0.561479869,24741,1989,20349.01489,11,872
484,91,0.575147929,26109,501,20349.01489,10,802
601,43,0.478087649,11790,2881,36488.39097,11,477
645,38,0.560509554,13081,2062,36488.39097,11,297
726,41,0.552204176,14187,3983,36488.39097,16,406
724,43,0.555793991,17384,1494,36488.39097,17,439
641,81,0.534750144,12259,992,30970.59425,19,1667
669,76,0.535853252,13191,2671,30970.59425,18,1718
527,81,0.536509901,9007,2625,30970.59425,14,1542
662,79,0.534979424,12501,3421,30970.59425,19,1625
235,104,0.49595843,2232,2166,30970.59425,13,1665
203,104,0.476083707,20365,2849,21563.97656,15,1275
202,104,0.477742448,20365,1636,21563.97656,15,1198
155,36,0.486535009,6902,1338,13790.51191,6,1079
240,75,0.529885057,6222,3299,13790.51191,5,830
199,95,0.481333333,21794,1010,42257.62962,12,712
249,112,0.46907994,17086,1137,42257.62962,13,1258
206,104,0.486544672,23896,4233,42257.62962,15,874
120,67,0.480152672,5474,271,24634.25263,13,1265
107,79,0.458333333,3426,843,24634.25263,14,1157
150,80,0.463003663,11686,1159,19040.65528,17,1303
309,113,0.475635593,14177,696,19040.65528,17,1796
115,67,0.484441301,5450,3216,19040.65528,13,1358
137,79,0.441591784,12445,1244,55247.40565,2,732
364,79,0.411368736,11633,1426,35286.78995,10,1271
379,60,0.429889299,15579,3803,35286.78995,9,1040
308,76,0.391967871,11712,3901,35286.78995,7,1189
378,80,0.4385511,10628,4050,35286.78995,11,1473
364,79,0.411368736,11633,4150,35286.78995,10,1271
364,79,0.411368736,11633,3548,35286.78995,10,1271
420,59,0.437138728,17494,1662,35286.78995,14,1324
413,71,0.475121951,12531,2682,35286.78995,17,978
308,76,0.391967871,11712,2353,35286.78995,7,1189
402,77,0.438976378,12147,3619,35286.78995,11,1448
244,81,0.371462264,13395,2442,35041.84366,1,809
15,41,0.451669596,215,1910,35041.84366,2,549
25,59,0.455112219,1409,2229,35041.84366,4,773
197,72,0.391304348,11339,2608,30733.40349,0,699
204,76,0.419770774,11765,3441,30733.40349,1,661
199,76,0.409090909,11339,5092,30733.40349,0,647
149,75,0.44494382,13212,223,30733.40349,4,839
199,72,0.374847375,11130,1233,30733.40349,0,779
229,94,0.437125749,13255,3313,30733.40349,5,1278
199,72,0.374847375,11130,3400,30733.40349,0,779
196,71,0.398818316,11339,1992,30733.40349,0,644
201,77,0.414464534,11765,3137,30733.40349,1,682
199,75,0.418320611,11541,1604,30733.40349,1,618
199,72,0.374847375,11130,3023,30733.40349,0,779
199,72,0.374847375,11130,1605,30733.40349,0,779
191,83,0.454876937,17802,7787,30733.40349,5,1047
201,77,0.414464534,11765,2429,30733.40349,1,682
197,72,0.391304348,11339,1636,30733.40349,0,699
192,68,0.411764706,10168,3984,30733.40349,0,545
166,69,0.474672738,3688,984,44660.5002,14,1692
220,82,0.461692205,7154,1854,44660.5002,13,1445
412,81,0.437077131,14400,995,32537.41686,14,1406
361,108,0.468507752,13663,988,32537.41686,20,1967
216,86,0.440677966,18651,1546,33390.6679,8,1240
199,103,0.450612833,17783,435,33390.6679,14,1312
207,89,0.444680851,19885,806,33390.6679,9,1342
149,78,0.561769616,10968,1715,15474.29086,15,1099
74,118,0.512536633,5853,3707,48294.13887,20,2643
120,118,0.47341611,8454,2744,48294.13887,16,2513
130,106,0.478335626,10549,650,48294.13887,14,2310
117,107,0.474030243,8726,2657,48294.13887,12,2442
137,106,0.491022965,10378,828,48294.13887,17,1812
133,110,0.491598281,9712,2040,48294.13887,16,1968
126,101,0.478760446,5397,1049,48294.13887,11,2321
117,108,0.473649321,8848,858,48294.13887,12,2417
120,118,0.47341611,8454,3651,48294.13887,16,2513
120,118,0.47341611,8454,4185,48294.13887,16,2513
118,109,0.474198988,8848,2158,48294.13887,13,2370
97,110,0.482652748,7089,2951,48294.13887,19,2575
115,111,0.476093591,8848,2971,48294.13887,12,2358
125,108,0.481518817,8794,3588,48294.13887,19,2353
140,104,0.49410278,10038,1170,48294.13887,17,1792
120,118,0.47341611,8454,1990,48294.13887,16,2513
118,103,0.476206213,8960,1267,48294.13887,12,2430
74,118,0.512536633,5853,1372,48294.13887,20,2643
93,106,0.496167247,7318,2127,48294.13887,12,2378
106,99,0.48407432,8360,1703,48294.13887,20,2371
116,107,0.474626866,9153,325,48294.13887,12,2416
133,109,0.493537015,9712,3002,48294.13887,17,1964
137,104,0.49407282,10378,975,48294.13887,16,1784
104,96,0.488631985,7246,1715,18022.5886,21,2051
104,93,0.486388385,7478,1235,18022.5886,21,2167
108,92,0.483962937,8360,1197,18022.5886,19,2205
100,109,0.489353465,7246,1306,18022.5886,21,2023
104,96,0.488631985,7246,1715,18022.5886,21,2051
214,101,0.460784314,16770,791,34152.22118,18,1442
214,101,0.460784314,16770,14637,34152.22118,18,1442
167,111,0.482318271,13097,554,34152.22118,24,1733
192,112,0.494807575,13077,1765,34152.22118,20,1511
116,67,0.562559694,16639,715,21773.75122,6,1006
153,83,0.586206897,18258,1082,21773.75122,8,808
141,86,0.531932773,15101,3542,20470.0025,10,1142
142,70,0.525974026,12836,1761,20470.0025,8,1033
146,90,0.522613065,15631,2235,20470.0025,12,1147
90,37,0.547528517,6041,1872,15749.29261,3,509
95,81,0.533577534,7917,527,14314.37103,6,791
81,126,0.492165528,5905,1559,11153.65005,23,2152
80,126,0.492393915,5905,2920,11153.65005,23,2161
74,127,0.492196879,5905,2221,11153.65005,23,2160
112,98,0.506385341,12200,1887,34851.63155,18,1561
124,89,0.491182573,10598,1372,34851.63155,21,1680
119,85,0.514018692,10891,2264,34851.63155,21,1422
73,94,0.509815951,8947,926,34851.63155,13,1409
132,91,0.50053135,10378,858,34851.63155,22,1655
119,85,0.514018692,10891,2264,34851.63155,21,1422
121,99,0.481665912,10845,1132,34851.63155,25,1862
52,30,0.54,3405,1135,47422.94108,0,98
102,67,0.53485064,6762,901,47422.94108,5,678
109,70,0.536624204,5342,1222,47422.94108,3,606
101,69,0.537226277,6619,2180,47422.94108,6,660
98,69,0.535172414,6557,3007,47422.94108,6,698
19,28,0.290322581,4477,2395,47422.94108,0,56
19,28,0.290322581,4477,1198,47422.94108,0,56
11,16,0.227272727,2870,11260,47422.94108,0,40
55,147,0.523131673,3299,1106,72929.04225,19,2504
64,134,0.538514443,3731,3162,72929.04225,20,2597
54,147,0.526592022,3299,1487,72929.04225,19,2543
54,75,0.510710259,6847,2643,72929.04225,3,827
70,59,0.511244378,9083,3098,72929.04225,2,626
52,62,0.511363636,7847,2439,34321.39937,2,656
56,59,0.515328467,7847,2060,34321.39937,2,641
52,62,0.511363636,7847,1888,34321.39937,2,656
113,91,0.56645386,6803,778,12627.52288,11,1567
134,78,0.530698659,6427,1004,12627.52288,12,1317
118,92,0.566048667,6803,1066,12627.52288,11,1570
140,90,0.567885927,3824,3182,20675.0014,8,1514
89,98,0.550227158,3864,1428,20675.0014,14,1807
122,89,0.543659833,5418,2525,27908.211,9,1245
148,80,0.548945783,8667,992,27908.211,9,1255
120,90,0.539334342,5418,1023,27908.211,9,1250
59,30,0.581180812,3080,2454,10163.56076,2,516
101,70,0.561258278,4398,1797,10163.56076,6,1153
1,10,0.580152672,330,4806,10163.56076,0,125
116,69,0.586994728,8509,1370,10936.29824,5,546
21,49,0.366244726,3640,2767,118938.5837,13,1115
201,71,0.394195889,12199,8639,118938.5837,12,1565
92,47,0.46749522,8826,2659,118938.5837,4,1000
162,72,0.39766702,7794,2551,118938.5837,11,1789
172,83,0.392727273,10910,1364,118938.5837,14,1564
150,68,0.395755968,9902,9672,118938.5837,12,1782
172,83,0.392727273,10910,13216,118938.5837,14,1564
132,61,0.38950555,8223,2138,118938.5837,12,1879
112,66,0.389649924,7836,20478,118938.5837,13,1868
166,74,0.384908053,11966,3523,118938.5837,13,1491
172,83,0.392727273,10910,1737,118938.5837,14,1564
21,49,0.366244726,3640,1579,118938.5837,13,1115
165,79,0.398315283,11030,20026,118938.5837,14,1573
111,52,0.384023669,9772,3980,118938.5837,15,1596
165,79,0.398315283,11030,2029,118938.5837,14,1573
151,71,0.395495024,9333,2733,118938.5837,12,1809
120,64,0.387162506,8564,5061,118938.5837,13,1861
120,64,0.387162506,8564,14737,118938.5837,13,1861
152,67,0.387486856,10566,8157,118938.5837,12,1800
170,103,0.434025828,16223,3314,26371.33594,13,1714
154,90,0.427958308,14784,1412,26371.33594,13,1569
142,85,0.428836634,13885,1739,26371.33594,13,1553
185,91,0.397295013,15460,3497,36724.34332,14,1136
173,80,0.412269939,13827,1407,36724.34332,10,781
171,82,0.407922912,14490,1148,36724.34332,12,897
168,82,0.407288317,14076,938,36724.34332,12,895
175,85,0.399235912,14492,8481,36724.34332,13,1005
160,83,0.42364532,13933,1576,18346.87081,10,1368
153,83,0.428863172,14593,1011,18346.87081,10,1413
187,71,0.410011919,13462,2346,29842.30973,9,802
287,61,0.432592593,10124,3831,29842.30973,5,643
196,76,0.406318083,15980,551,29842.30973,12,876
249,63,0.421855146,12048,2855,29842.30973,10,751
537,51,0.448851775,11401,3329,29842.30973,4,457
179,123,0.481203008,17919,4374,11445.25174,6,1100
153,123,0.486894361,15226,1421,11445.25174,9,1160
165,108,0.466981132,15469,1288,7103.431285,10,1381
149,107,0.464996789,15469,2382,7103.431285,9,1448
181,125,0.500831947,18445,611,10721.63956,8,1092
218,122,0.506493506,20591,1659,10721.63956,9,1065
194,96,0.518038853,18511,1103,19114.97627,9,1013
194,96,0.518038853,18511,1284,19114.97627,9,1013
177,104,0.488876529,13489,858,17555.13785,11,1398
178,105,0.506196999,13489,679,17555.13785,11,1266
178,108,0.497191011,15831,899,17555.13785,11,1410
128,105,0.476027397,9979,858,18843.2556,12,2322
141,111,0.485111195,10257,5186,18843.2556,15,2066
136,105,0.49295173,10378,1504,18843.2556,17,1764
140,111,0.483113069,10257,3005,18843.2556,15,2132
130,104,0.466948501,11803,3671,18843.2556,15,2037
140,108,0.484737036,10672,1643,18843.2556,14,2127
125,98,0.475903614,5614,975,18843.2556,11,2280
141,111,0.485639687,10257,2076,18843.2556,15,2093
131,101,0.47615414,6733,3476,18843.2556,10,2082
127,101,0.482963943,10706,2769,18843.2556,14,2411
126,110,0.475588938,9033,5220,18843.2556,12,2335
140,110,0.487179487,10672,6483,18843.2556,14,2138
129,102,0.476529161,6725,1267,18843.2556,11,2258
141,110,0.483568075,10537,2682,18843.2556,14,2176
141,110,0.483568075,10537,2382,18843.2556,14,2176
139,110,0.48005698,10537,6005,18843.2556,13,2215
131,102,0.475935829,6576,4745,18843.2556,10,2082
136,106,0.479012346,10672,528,18843.2556,13,2238
140,110,0.479843025,10672,3088,18843.2556,14,2210
140,110,0.479843025,10672,5475,18843.2556,14,2210
134,103,0.476976209,7402,910,18843.2556,11,2062
140,110,0.479843025,10672,5464,18843.2556,14,2210
123,109,0.475357143,9139,487,18843.2556,15,2209
139,109,0.484,10672,4436,18843.2556,14,2156
140,96,0.471953578,6687,16960,19006.12565,18,1929
150,104,0.452214452,13644,1789,12993.74105,11,1592
166,96,0.435807246,11410,482,42649.78768,22,2708
204,101,0.450274558,17675,1062,42649.78768,13,1551
209,103,0.444170265,17991,1275,42649.78768,13,1532
157,97,0.441312879,12073,1255,42649.78768,22,2674
152,106,0.455152274,10899,3181,42649.78768,17,2257
162,91,0.420222092,14557,2750,42649.78768,8,1643
209,120,0.470921986,17493,3308,22178.29836,10,677
212,130,0.470886076,17070,1068,22178.29836,11,757
315,129,0.482277121,18032,1789,22178.29836,12,886
206,127,0.462701613,14240,1849,22178.29836,13,952
153,129,0.47755611,7019,892,17973.59103,10,768
271,117,0.466584158,7570,1694,38359.04293,15,772
204,100,0.449362341,9576,1680,38359.04293,10,1268
167,99,0.534148828,13993,1508,14749.56317,9,912
121,93,0.480645161,7350,4932,14749.56317,9,2023
112,97,0.503742845,5771,1148,14749.56317,9,1939
197,120,0.497309762,4794,2092,25758.71148,8,1254
207,119,0.49004329,3898,2902,25758.71148,8,1112
116,83,0.441176471,13815,2169,31295.34849,4,484
60,48,0.44028103,6079,3059,31295.34849,3,404
143,89,0.445075758,13102,3772,31295.34849,5,503
132,89,0.444230769,13102,5597,31295.34849,5,495
331,125,0.46993988,15946,1395,35764.16763,12,949
300,122,0.48116254,13172,3336,35764.16763,11,880
173,98,0.429763561,13612,2734,35764.16763,5,687
13,43,0.503144654,1031,2169,23937.25458,0,307
111,74,0.489690722,3835,2008,23937.25458,12,1684
98,71,0.485142511,2638,605,23937.25458,11,1589
64,55,0.469845722,2038,3397,22467.27921,3,689
87,42,0.411067194,1540,10507,23078.81627,10,973
107,41,0.419246862,1859,5118,23078.81627,10,1149
118,46,0.423661071,1859,1417,23078.81627,10,1205
130,82,0.501373626,3483,5348,21672.99278,11,2104
131,87,0.508203991,3483,493,21672.99278,11,2167
157,112,0.497735694,6538,931,21672.99278,14,2354
99,86,0.504994007,2618,2914,14743.22995,14,2417
126,86,0.50918197,2462,1513,14743.22995,14,2308
135,84,0.505208333,2602,2029,14743.22995,13,1855
101,76,0.5047276,2758,2115,14743.22995,12,2146
126,79,0.550498753,6136,417,18597.21201,9,1512
135,91,0.538378959,6171,867,28933.52476,9,1667
115,99,0.498197837,6838,1198,28933.52476,8,2100
137,58,0.588741204,5771,1157,33820.49488,6,1243
137,58,0.591639871,5771,3671,33820.49488,6,1208
222,106,0.526063511,9501,1288,26697.50493,14,1615
88,69,0.494769874,3652,7944,36338.43718,15,1842
170,73,0.519887955,7885,755,36338.43718,9,1720
111,61,0.49883775,3526,3353,36338.43718,14,2075
98,63,0.497837578,3526,679,36338.43718,13,2005
198,110,0.508482143,8546,2186,36338.43718,13,2169
183,80,0.514105058,6962,920,36338.43718,15,1985
123,73,0.509831461,6696,1273,36338.43718,15,2061
96,63,0.496793291,3526,2814,36338.43718,12,1954
127,71,0.504437179,6419,1695,36338.43718,16,2067
84,74,0.583858764,3705,2776,16360.36538,6,755
84,64,0.602118003,7502,1082,16360.36538,4,625
90,73,0.585499316,2249,1365,16360.36538,6,695
84,64,0.602118003,7502,529,16360.36538,4,625
77,61,0.601547389,7815,1443,16360.36538,3,493
82,64,0.579896907,2389,3795,16360.36538,5,739
137,108,0.520603015,4821,933,18734.86704,9,1848
375,115,0.535174954,17433,2959,33136.1241,49,2596
295,108,0.52082288,13463,3869,33136.1241,37,1903
580,123,0.52553947,16310,813,53812.22095,168,3513
147,72,0.49555336,3456,5446,53812.22095,21,1964
489,103,0.516775033,12733,3698,53812.22095,151,3687
134,71,0.510791367,5077,10076,53812.22095,23,1621
553,119,0.522,12645,12110,53812.22095,154,3357
216,86,0.481675393,3566,5364,75810.43776,26,1456
216,103,0.486939379,4730,4554,75810.43776,34,1937
237,93,0.495103373,5456,2235,75810.43776,37,1754
201,97,0.487876996,6632,2349,75810.43776,27,1616
151,72,0.470464135,6127,9179,75810.43776,17,1356
551,114,0.539300699,14271,2542,49722.93653,187,3445
441,75,0.521218716,18349,2227,34163.0791,112,2672
462,64,0.563398693,23222,7094,25847.2077,18,714
479,83,0.565916399,20852,5828,50716.61358,19,873
460,79,0.562264151,22069,2521,50716.61358,19,739
244,79,0.54244763,6612,6371,50716.61358,16,869
460,79,0.562264151,22069,3789,50716.61358,19,739
479,83,0.565916399,20852,2890,50716.61358,19,873
455,70,0.548645938,15296,10598,50716.61358,17,935
455,70,0.548645938,15296,3934,50716.61358,17,935
455,70,0.548645938,15296,32111,50716.61358,17,935
460,79,0.562264151,22069,3676,50716.61358,19,739
460,79,0.562264151,22069,954,50716.61358,19,739
304,118,0.473931178,8127,1943,22618.54494,20,1840
295,104,0.46414914,8776,2703,22618.54494,22,2006
202,106,0.505913272,5034,4628,15187.01226,9,722
177,101,0.507462687,5188,762,15187.01226,9,635
204,103,0.50617284,5778,804,15187.01226,11,771
161,84,0.510542169,3527,6743,27406.91783,14,631
341,105,0.494102228,11788,5147,27406.91783,15,1460
13,11,0.4,1632,803,57490.43826,1,18
62,31,0.588709677,5167,2967,57490.43826,1,116
118,71,0.506953224,406,5207,42482.92615,5,1530
8,28,0.494646681,1130,6039,42482.92615,1,443
6,19,0.512605042,1539,5617,42482.92615,1,334
22,35,0.508032129,3171,1255,42482.92615,1,471
336,53,0.501731102,8450,32357,49387.2863,122,3367
500,52,0.506181645,3110,7964,52943.28146,294,4090
220,57,0.500320924,8531,9035,52943.28146,73,3035
485,54,0.507161305,2835,27036,52943.28146,286,4140
236,62,0.490185387,10890,3911,42858.54149,72,1784
1534,67,0.485842027,19718,3021,31139.66985,25,1935
1164,68,0.489766082,17146,4806,58126.24751,40,3287
698,69,0.495520717,14084,655,58126.24751,45,3433
698,69,0.495520717,14084,578,58126.24751,45,3433
1145,70,0.48834597,16400,6281,58126.24751,39,3424
910,69,0.490871614,16110,564,58126.24751,43,3267
663,76,0.501809073,9993,3926,58126.24751,50,3458
208,80,0.461156278,13524,5456,34604.20073,31,2129
260,87,0.469957778,8019,1542,34604.20073,37,2964
389,91,0.483658171,11190,4072,34604.20073,52,3208
230,59,0.506456241,23905,1744,29599.69657,12,670
64,17,0.394594595,8248,2501,22938.74047,3,178
126,52,0.413881748,14447,1461,22938.74047,5,377
156,37,0.557442557,3825,1020,15675.02785,3,977
55,34,0.370967742,7674,1715,41311.48915,3,121
38,29,0.340206186,2930,1372,41311.48915,2,94
456,46,0.512396694,7130,5872,53069.27567,294,3063
427,53,0.509864365,5167,7234,53069.27567,308,3155
517,43,0.516699411,8645,11296,53069.27567,271,2979
291,52,0.512905912,10219,6358,49970.30897,178,3501
1331,61,0.497744361,16491,5779,58872.21116,26,1277
377,67,0.504261364,23065,1417,23451.64962,12,678
186,72,0.536653609,8522,2101,14552.56796,18,1720
192,71,0.535441658,9171,1563,14552.56796,18,1765
104,55,0.619242579,10511,1806,17719.77856,6,951
44,34,0.621440536,5908,923,17719.77856,4,580
146,59,0.618328298,9319,2176,17719.77856,7,964
476,64,0.535460993,9742,5800,19597.38675,7,1090
443,51,0.534351145,9001,5750,19597.38675,9,1015
176,55,0.533628973,6555,2279,19881.79333,13,1300
453,63,0.53281097,12818,3736,35001.36518,6,991
262,47,0.504710633,11169,16014,27768.72215,14,2156
167,22,0.545203589,15659,1266,27768.72215,4,1412
356,43,0.544397954,19504,7400,27812.43798,10,2095
193,58,0.501029513,13422,3354,37997.64822,11,1411
263,70,0.515861027,14893,2554,37997.64822,14,1274
292,64,0.526162791,14968,6192,37997.64822,9,1332
193,58,0.501029513,13422,1531,37997.64822,11,1411
271,39,0.510650547,14188,1906,24590.48557,10,1692
212,35,0.525649567,13429,2335,24590.48557,6,1463
301,45,0.512925969,16070,1275,24590.48557,10,1655
249,50,0.508474576,15869,3630,24590.48557,10,1716
208,34,0.508463542,12084,2526,24590.48557,8,1499
292,66,0.571917808,15564,1961,24355.68359,10,844
286,68,0.572368421,14939,1548,24355.68359,11,878
284,67,0.548240636,14166,1189,20092.47001,12,853
44,52,0.430609598,8052,979,46896.40678,7,725
108,40,0.474730737,8696,2900,46896.40678,12,1141
58,31,0.448240166,7598,7319,46896.40678,5,912
53,31,0.454367026,7342,6480,46896.40678,7,962
58,31,0.448240166,7598,1595,46896.40678,5,912
137,40,0.46250928,8824,3518,46896.40678,12,1271
189,50,0.48578492,13422,15372,46896.40678,10,1561
137,40,0.46250928,8824,3563,46896.40678,12,1271
192,53,0.490851735,13422,2353,46896.40678,11,1532
23,40,0.434782609,3237,8903,46896.40678,7,414
58,31,0.448240166,7598,1768,46896.40678,5,912
372,41,0.553777209,22445,6890,34426.55575,19,1519
128,42,0.41216992,12196,4437,54974.84818,23,837
251,36,0.529411765,7785,5754,9338.249323,17,1193
257,37,0.530168946,7785,5682,9338.249323,18,1212
138,34,0.522175732,4929,2683,9338.249323,20,1161
257,37,0.530168946,7785,4309,9338.249323,18,1212
137,16,0.564356436,11241,139717,35834.73436,17,98
316,60,0.514319112,23563,8714,53885.90844,25,1653
316,60,0.514319112,23563,4635,53885.90844,25,1653
316,60,0.514319112,23563,29119,53885.90844,25,1653
316,60,0.514319112,23563,2771,53885.90844,25,1653
164,62,0.605084746,15165,6579,39627.51233,9,1140
108,44,0.44198895,10428,2541,39627.51233,1,171
28,29,0.435028249,6903,2586,39627.51233,1,167
28,29,0.435028249,6903,2118,39627.51233,1,167
28,29,0.435028249,6903,3245,39627.51233,1,167
28,22,0.435028249,6903,2451,39627.51233,1,167
28,29,0.435028249,6903,2895,39627.51233,1,167
28,29,0.435028249,6903,2217,39627.51233,1,167
47,44,0.534090909,8626,5430,48711.11834,1,85
272,69,0.51536643,21266,3455,36692.49498,7,405
98,59,0.534090909,21834,1664,36692.49498,2,253
99,65,0.50928382,21834,4774,36692.49498,1,355
323,75,0.543604651,16656,2348,26986.96295,9,1323
329,67,0.570057582,18580,5746,16218.85574,9,505
310,59,0.548476454,23130,5890,21883.86122,6,349
205,84,0.529734675,6309,1611,26698.17565,17,2108
234,83,0.525154004,9341,1074,26698.17565,17,1880
200,89,0.532888889,6309,2779,26698.17565,15,2167
240,97,0.531990103,8762,1956,23624.75283,22,2719
162,71,0.520846297,5818,798,26266.09208,8,1537
293,64,0.538461538,14686,1504,24113.64599,9,997
213,86,0.527914614,9537,926,55277.9273,12,2336
